char_ngram,count
	,42
 ,381138486
!,3484901
"""",2280978
#,246381
$,58493
%,963867
&,293530
',3654380
(,3983955
),4112425
*,193105
+,104952
",",22918962
-,12712121
.,42049596
/,2121855
0,5574752
1,4950253
2,4218648
3,2050665
4,1705944
5,1787036
6,1474861
7,1277329
8,1300502
9,1787396
:,2566701
;,1034080
<,55140
=,200704
>,78322
?,6618093
@,158381
[,337729
\,90070
],340090
^,5750
_,730942
`,28896
a,163677336
b,23860020
c,26464132
d,54077915
e,148506805
f,14378573
g,29596202
h,27835368
i,125699723
j,22369711
k,42160095
l,62967052
m,53082574
n,107661948
o,86399445
p,33098285
q,4217096
r,85473966
s,81476507
t,94029517
u,55576204
v,25471025
w,6915161
x,2605175
y,16739247
z,17405010
{,45333
|,38
},46697
~,21248
,12
,6955
,7153
,1947
,1582
,4345
,253
,669
,3864
,6161
,4126
,941
,255
,465
,12737
,2846
,1818
,450
,253
,1037
,915
,2207
,2759
,1945
,1777
,771
,7358
,4431
,1260
,959
,1028
,2698
,3880
 ,187154
¡,67293
¢,5604
£,41536
¤,10533
¥,4266
¦,6883
§,8472
¨,8409
©,20874
ª,13621
«,256831
¬,8757
­,43810
®,5576
¯,2875
°,61151
±,17508
²,11909
³,7233
´,15220
µ,22359
¶,13080
·,35824
¸,5353
¹,4465
º,13437
»,292796
¼,15158
½,5539
¾,8052
¿,154748
×,38752
ß,110514
à,1466022
á,3867856
â,372446
ã,916954
ä,3852882
å,1693934
æ,772658
ç,1010429
è,604937
é,4896796
ê,437258
ë,3504933
ì,219788
í,2710316
î,358072
ï,48171
ð,180655
ñ,209869
ò,173887
ó,1803901
ô,746664
õ,545231
ö,1955563
÷,13498
ø,697007
ù,109774
ú,1192244
û,49896
ü,1670848
ý,606425
þ,72769
ÿ,202986
ā,2853196
ă,943865
ą,793685
ć,726699
ĉ,68197
ċ,594854
č,1996330
ď,86453
đ,1892325
ē,1244179
ĕ,23
ė,837609
ę,555902
ě,471886
ĝ,54058
ğ,405776
ġ,652604
ģ,91718
ĥ,789
ħ,1502091
ĩ,67671
ī,1652516
ĭ,41
į,383468
ı,1852689
ĳ,372
ĵ,10159
ķ,245110
ĺ,6970
ļ,241736
ľ,147583
ŀ,175
ł,521283
ń,52221
ņ,317835
ň,82334
ŋ,784
ō,2635
ŏ,141
ő,210650
œ,11905
ŕ,5443
ŗ,141
ř,317184
ś,305574
ŝ,36885
ş,930381
š,3647432
ţ,214342
ť,299535
ŧ,33
ũ,97808
ū,1076148
ŭ,36901
ů,132907
ű,42501
ų,822975
ŵ,2293
ŷ,226
ź,32693
ż,1022985
ž,2066833
ƒ,1806
ƙ,59271
ơ,91403
ư,324353
ǎ,152
ǐ,75
ǒ,25
ǻ,26
ș,42155
ț,47052
ȣ,29
ɓ,12254
ɗ,41973
ə,2261759
ɛ,15
ʔ,10
ʖ,57
ʹ,11
ʻ,21018
ʼ,2181
ʽ,17
ʿ,20
ˆ,50
ˇ,445
ˈ,36
ˋ,55
˘,99
˙,116
˚,456
˛,52
˜,376
˝,132
˦,43
̀,92879
́,89730
̂,198
̃,9022
̄,1171
̅,134
̆,163
̇,58994
̈,13
̉,13791
̊,30
̌,31
̣,20074
̤,11
̨,15
̮,13
̶,99
̀,16
́,17
͠,14
΄,2877
΅,11
·,2514
ΐ,1309
ά,828813
έ,734962
ή,421001
ί,897084
ΰ,88
α,3480526
β,226615
γ,588352
δ,564235
ε,2653190
ζ,148841
η,958708
θ,424691
ι,2392748
κ,1180881
λ,926082
μ,1287313
ν,2147512
ξ,173620
ο,2512824
π,1388851
ρ,1440791
ς,1038655
σ,1515647
τ,2523806
υ,1105839
φ,284309
χ,409515
ψ,51542
ω,524724
ϊ,16700
ϋ,2069
ό,732241
ύ,337207
ώ,275737
а,18812631
б,3591085
в,6540884
г,3286393
д,6485674
е,13689830
ж,1334946
з,3278823
и,13173721
й,1548514
к,5761152
л,6575245
м,5982786
н,11550725
о,15421583
п,4082287
р,8760368
с,7659679
т,10520696
у,4326233
ф,594008
х,1322542
ц,859686
ч,2023952
ш,1899456
щ,621638
ъ,583752
ы,1994392
ь,1410937
э,426543
ю,686153
я,2589510
ѐ,374
ё,180083
ђ,2315
ѓ,36214
є,112797
ѕ,4112
і,1022588
ї,75824
ј,594413
љ,10602
њ,67645
ћ,10677
ќ,155630
ѝ,384
ў,208603
џ,23858
ѣ,45
҉,12
ґ,20357
ғ,77725
җ,50215
қ,353494
ң,150300
ҥ,16
ҫ,37
ү,156554
ұ,13935
ҳ,421611
ҷ,55289
һ,141471
ӄ,16
ә,1042810
ӣ,58295
ӧ,21
ө,145096
ӯ,86320
՛,232
՜,50
՝,65
՞,879
ա,21736
բ,1669
գ,2053
դ,3278
ե,12978
զ,1113
է,1993
ը,1761
թ,1970
ժ,447
ի,8795
լ,3801
խ,1296
ծ,1202
կ,4932
հ,2918
ձ,900
ղ,1888
ճ,372
մ,7091
յ,4011
ն,14056
շ,1169
ո,11935
չ,2028
պ,1923
ջ,772
ռ,1194
ս,5021
վ,3509
տ,4766
ր,11554
ց,2539
ւ,6379
փ,528
ք,3333
օ,440
ֆ,222
և,686
։,2152
֊,37
ְ,341
ֱ,22
ֲ,97
ִ,568
ֵ,215
ֶ,215
ַ,15742
ָ,8938
ֹ,319
ּ,5044
־,3920
ֿ,8129
ׁ,144
ׂ,50
א,1743107
ב,917425
ג,261145
ד,533529
ה,1907214
ו,2028179
ז,382798
ח,494161
ט,263840
י,2362862
ך,218214
כ,548293
ל,1553192
ם,514853
מ,963762
ן,293283
נ,787062
ס,307746
ע,595931
ף,44169
פ,326385
ץ,19341
צ,248818
ק,423288
ר,1028614
ש,962157
ת,1263025
װ,4411
ױ,2306
ײ,7188
׳,99
؂,428
،,1293286
ؐ,5502
ؑ,10311
ؒ,15
ؓ,31
؛,36838
؟,407813
ؠ,14
ء,145011
آ,708984
أ,1065966
ؤ,140563
إ,338718
ئ,1545863
ا,20954539
ب,5372701
ة,1076383
ت,6936131
ث,257494
ج,2201422
ح,1323894
خ,1479028
د,5769419
ذ,570633
ر,9934303
ز,1491571
س,4522070
ش,1998060
ص,625886
ض,368426
ط,675196
ظ,214065
ع,2077181
غ,487922
ـ,113192
ف,1822448
ق,2027230
ك,1363627
ل,8346319
م,8236122
ن,10145763
ه,5548000
و,10685055
ى,1915602
ي,5019085
ً,179761
ٌ,7749
ٍ,7494
َ,131600
ُ,185554
ِ,173856
ّ,156533
ْ,37070
ٓ,841
ٔ,4210
ٕ,49
ٖ,15
ٗ,65
٠,484
١,383
٢,358
٣,124
٤,135
٥,164
٦,146
٧,45
٨,158
٩,97
٪,524
٫,237
٬,426
٭,1221
ٰ,70057
ٱ,14
ٴ,1379
ٶ,81
ٹ,184282
ټ,16470
پ,1772224
ځ,9328
څ,1983
چ,900317
ڈ,81686
ډ,6956
ڑ,220466
ړ,16079
ڕ,152628
ږ,4175
ژ,48687
ښ,13338
ڤ,557
ڧ,25
ک,5975676
ڪ,17
ګ,10982
ڭ,170091
گ,1843603
ڵ,113648
ں,2206516
ڼ,3380
ھ,1418882
ۀ,1541
ہ,5036364
ۂ,853
ۃ,2899
ۆ,258699
ۇ,426995
ۈ,114897
ۋ,94567
ی,8203999
ۍ,8693
ێ,411830
ې,161510
ے,4595586
ۓ,64
۔,215688
ە,753179
۞,38
ۡ,15
ۤ,900
ۦ,15
۩,114
۰,4101
۱,4358
۲,3012
۳,1574
۴,1336
۵,1443
۶,1037
۷,1107
۸,1145
۹,2063
ަ,18
ߠ,24
ߦ,72
ँ,169830
ं,838421
ः,11789
अ,329926
आ,182701
इ,201187
ई,135785
उ,355444
ऊ,9216
ऋ,352
ऌ,44
ऍ,76
ऎ,118
ए,306319
ऐ,39363
ऑ,4817
ओ,41696
औ,261361
क,2131755
ख,217855
ग,655930
घ,33427
ङ,35280
च,303225
छ,168234
ज,518828
झ,60027
ञ,32683
ट,318859
ठ,70540
ड,226234
ढ,25212
ण,84318
त,1283278
थ,145041
द,679619
ध,98747
न,1758700
ऩ,204
प,856573
फ,222363
ब,582048
भ,192652
म,1222975
य,791993
र,2394985
ऱ,1311
ल,1087046
ळ,2892
व,566966
श,234129
ष,103232
स,1449108
ह,1629765
़,153816
ा,3010145
ि,1328371
ी,980040
ु,813917
ू,290526
ृ,35891
ॅ,2188
ॆ,350
े,2041762
ै,495416
ॉ,25182
ॊ,245
ो,1297396
ौ,47856
्,1959218
॒,33
क़,51732
ख़,58371
ग़,17551
ज़,90582
ड़,32741
ढ़,6778
फ़,22847
य़,42
ॣ,15
।,800844
॥,223
०,7639
१,5714
२,4834
३,2307
४,1989
५,2022
६,1423
७,939
८,1229
९,1149
॰,1157
ঁ,94521
ং,280594
ঃ,60681
অ,392994
আ,949349
ই,612165
ঈ,12505
উ,229557
ঊ,729
ঋ,1034
এ,730776
ঐ,7872
ও,315295
ঔ,675
ক,2848665
খ,380801
গ,478945
ঘ,69827
ঙ,46409
চ,442938
ছ,739776
জ,613214
ঝ,26457
ঞ,47240
ট,687526
ঠ,87706
ড,210970
ঢ,5231
ণ,239802
ত,2439383
থ,440841
দ,1241358
ধ,334015
ন,2969876
প,1324868
ফ,200953
ব,2079547
ভ,356802
ম,1724640
য,1324930
র,4750730
ল,1418573
শ,562986
ষ,359530
স,1561172
হ,825654
়,171046
া,6102327
ি,3010881
ী,430260
ু,943141
ূ,128948
ৃ,108257
ে,5003539
ৈ,51069
ো,614913
ৌ,22087
্,3479324
ৎ,35834
ৗ,3126
ড়,108730
ঢ়,2934
য়,831060
০,48877
১,39279
২,33201
৩,12587
৪,10095
৫,12305
৬,7186
৭,7517
৮,7808
৯,9740
ৰ,318553
ৱ,29036
৳,10
৷,1623
ਂ,39067
ਃ,13
ਅ,13821
ਆ,16989
ਇ,24015
ਈ,17912
ਉ,8356
ਊ,2751
ਏ,1395
ਐ,3430
ਓ,7387
ਔ,82
ਕ,71825
ਖ,15516
ਗ,21760
ਘ,1636
ਚ,19444
ਛ,1924
ਜ,30863
ਝ,1875
ਞ,19
ਟ,42546
ਠ,1983
ਡ,26491
ਢ,910
ਣ,18976
ਤ,38545
ਥ,3422
ਦ,28437
ਧ,5232
ਨ,50611
ਪ,31767
ਫ,16527
ਬ,22202
ਭ,7126
ਮ,32726
ਯ,3511
ਰ,86764
ਲ,70283
ਲ਼,520
ਵ,33033
ਸ਼,3086
ਸ,64288
ਹ,45855
਼,15648
ਾ,121245
ਿ,50755
ੀ,65901
ੁ,20643
ੂ,15709
ੇ,47283
ੈ,32078
ੋ,53369
ੌ,3648
੍,5391
ਗ਼,117
ਜ਼,861
ੜ,4383
ਫ਼,213
੦,462
੧,256
੨,236
੩,76
੪,26
੫,58
੬,55
੭,32
੮,44
੯,115
ੰ,29375
ੱ,36038
ੲ,14
ੳ,24
ં,202293
ઃ,1479
અ,50492
આ,47067
ઇ,30052
ઈ,31335
ઉ,22483
ઊ,2523
ઋ,22
ઍ,573
એ,30137
ઐ,22
ઑ,346
ઓ,26889
ઔ,40
ક,319874
ખ,51276
ગ,75750
ઘ,7174
ચ,48060
છ,60243
જ,85944
ઝ,7044
ઞ,1812
ટ,116315
ઠ,4792
ડ,79081
ઢ,5099
ણ,48723
ત,222548
થ,91297
દ,93741
ધ,48594
ન,354098
પ,196332
ફ,59438
બ,90587
ભ,26605
મ,248788
ય,160099
ર,477808
લ,190712
ળ,36881
વ,218428
શ,91450
ષ,24042
સ,215797
હ,84216
઼,110
ા,623913
િ,167269
ી,263856
ુ,116369
ૂ,51135
ૃ,4199
ૅ,2852
ે,397248
ૈ,2757
ૉ,958
ો,305867
ૌ,694
્,398877
ૢ,13
૦,2395
૧,2009
૨,1611
૩,789
૪,476
૫,596
૬,370
૭,272
૮,367
૯,439
ଁ,2194
ଂ,1591
ଃ,167
ଅ,3082
ଆ,2555
ଇ,3756
ଈ,17
ଉ,1569
ଏ,2771
ଓ,360
କ,18132
ଖ,1759
ଗ,4351
ଘ,380
ଙ,1176
ଚ,2670
ଛ,1862
ଜ,1392
ଝ,19
ଞ,395
ଟ,3636
ଠ,894
ଡ,3313
ଢ,204
ଣ,4539
ତ,11890
ଥ,2593
ଦ,4208
ଧ,1815
ନ,13704
ପ,10066
ଫ,1533
ବ,10646
ଭ,1771
ମ,6121
ଯ,2916
ର,23725
ଲ,5071
ଳ,2021
ଵ,49
ଶ,2720
ଷ,2135
ସ,9607
ହ,4907
଼,1438
ା,24138
ି,21484
ୀ,2004
ୁ,11465
ୂ,1542
ୃ,679
େ,8472
ୈ,272
ୋ,3987
ୌ,256
୍,26266
ଡ଼,57
ୟ,4197
୤,18
୦,88
୧,95
୨,70
୩,37
୪,24
୫,32
୬,19
୭,13
୮,26
୯,17
ୱ,840
ஃ,12637
அ,332282
ஆ,44321
இ,177080
ஈ,6884
உ,104314
ஊ,2209
எ,133570
ஏ,16408
ஐ,3106
ஒ,34177
ஓ,6721
க,1471813
ங,158410
ச,294598
஛,15
ஜ,8596
ஞ,8167
ட,557620
ண,133354
த,925441
ந,365392
ன,654739
ப,622213
ம,775565
ய,469223
ர,708636
ற,430764
ல,480994
ள,518233
ழ,66856
வ,722233
ஷ,7741
ஸ,23868
ஹ,52811
ா,890849
ி,985320
ீ,132206
ு,1217014
ூ,84335
ெ,229348
ே,293479
ை,491719
ொ,15530
ோ,24893
ௌ,148
்,3037339
ం,61064
ః,99
అ,17625
ఆ,6881
ఇ,6821
ఈ,2860
ఉ,8702
ఊ,203
ఎ,5682
ఏ,3430
ఐ,756
ఒ,5231
ఓ,1110
ఔ,73
క,64035
ఖ,1998
గ,21889
ఘ,226
చ,30895
ఛ,193
జ,7499
ఞ,93
ట,27948
ఠ,208
డ,31372
ఢ,24
ణ,2796
త,35607
థ,2038
ద,37375
ధ,3426
న,92784
ప,35824
ఫ,4022
బ,11518
భ,3255
మ,52207
య,28651
ర,69539
ఱ,20
ల,45853
ళ,4320
వ,35108
శ,4295
ష,6028
స,34995
హ,6412
ా,73565
ి,104273
ీ,25152
ు,116927
ూ,7637
ృ,893
ె,22219
ే,35996
ై,1745
ొ,9896
ో,17828
ౌ,1333
్,120819
ౖ,4767
ಂ,8349
ಃ,54
ಅ,3634
ಆ,1964
ಇ,1663
ಈ,782
ಉ,655
ಊ,13
ಋ,14
ಎ,1205
ಏ,122
ಐ,126
ಒ,954
ಓ,143
ಔ,31
ಕ,16846
ಖ,603
ಗ,13986
ಘ,216
ಚ,3163
ಛ,169
ಜ,1725
ಝ,46
ಞ,60
ಟ,5473
ಠ,262
ಡ,6737
ಢ,64
ಣ,2865
ತ,13888
ಥ,1640
ದ,14391
ಧ,1355
ನ,22063
ಪ,7412
ಫ,779
ಬ,5253
ಭ,862
ಮ,7556
ಯ,11929
ರ,18272
ಲ,14797
ಳ,7362
ವ,13136
ಶ,2771
ಷ,1949
ಸ,16082
ಹ,4597
ಾ,17265
ಿ,30723
ೀ,2584
ು,24022
ೂ,2200
ೃ,428
ೆ,15127
ೇ,3469
ೈ,950
ೊ,2900
ೋ,3181
ೌ,433
್,37555
೦,165
೧,153
೨,99
೩,47
೪,52
೫,55
೬,49
೭,31
೮,40
೯,68
ം,1000939
ഃ,2544
അ,800639
ആ,148479
ഇ,174983
ഈ,30720
ഉ,81275
ഊ,2977
ഋ,131
എ,278579
ഏ,31234
ഐ,4867
ഒ,124025
ഓ,27551
ഔ,2983
ക,3145370
ഖ,25574
ഗ,112980
ഘ,8110
ങ,861957
ച,735763
ഛ,8383
ജ,100629
ഝ,10
ഞ,301341
ട,1289629
ഠ,10313
ഡ,44179
ഢ,2396
ണ,651092
ത,2026133
ഥ,60595
ദ,285869
ധ,127408
ന,3513749
പ,1128724
ഫ,42822
ബ,86241
ഭ,96986
മ,900909
യ,1505991
ര,1639304
റ,724022
ല,1473887
ള,887612
ഴ,121086
വ,1380122
ശ,222748
ഷ,221636
സ,529965
ഹ,228632
ാ,1970728
ി,3080871
ീ,249246
ു,2659331
ൂ,189081
ൃ,41247
െ,1348722
േ,414690
ൈ,47271
ൊ,200833
ോ,519089
ൌ,6704
്,7933388
ൗ,2429
൦,174
൪,361
൯,377
ൺ,2773
ൻ,48682
ർ,38065
ൽ,39786
ൾ,38266
ൿ,14
ං,61991
ඃ,64
අ,274543
ආ,57285
ඇ,102304
ඈ,1583
ඉ,105461
ඊ,8536
උ,71704
ඌ,4150
ඍ,96
එ,276351
ඒ,143844
ඓ,59
ඔ,298635
ඕ,54028
ඖ,104
ක,1382042
ඛ,2361
ග,474542
ඝ,1431
ඞ,48
ඟ,16050
ච,54932
ඡ,990
ජ,57849
ඤ,366
ඥ,2619
ට,567799
ඨ,1072
ඩ,139678
ඪ,17
ණ,82305
ඬ,1291
ත,857731
ථ,12949
ද,688432
ධ,31803
න,2321141
ඳ,40591
ප,456345
ඵ,825
බ,229245
භ,15061
ම,1338167
ඹ,15688
ය,1206181
ර,779821
ල,626040
ව,1222666
ශ,53998
ෂ,33741
ස,481979
හ,581247
ළ,67392
ෆ,13197
්,2189086
ා,1206728
ැ,417916
ෑ,95621
ි,1439680
ී,115739
ු,671837
ූ,29362
ෘ,6747
ෙ,757954
ේ,603429
ෛ,2906
ො,318849
ෝ,104515
ෞ,2822
ෟ,265
ෲ,679
෴,277
฀,6994
ก,1080002
ข,390710
ฃ,3127
ค,652486
ฅ,1943
ฆ,12858
ง,983478
จ,468388
ฉ,193969
ช,224110
ซ,80391
ฌ,178
ญ,54201
ฎ,2647
ฏ,6519
ฐ,8333
ฑ,3702
ฒ,5867
ณ,172232
ด,659714
ต,437347
ถ,130233
ท,566701
ธ,183162
น,1883955
บ,460448
ป,384688
ผ,172434
ฝ,12047
พ,313309
ฟ,45980
ภ,25907
ม,1110935
ย,807370
ร,1092540
ฤ,2416
ล,692128
ฦ,16
ว,788872
ศ,33062
ษ,33650
ส,378813
ห,564647
ฬ,944
อ,1515149
ฮ,39682
ฯ,652
ะ,608305
ั,1075012
า,1732973
ำ,192439
ิ,417575
ี,782518
ึ,107963
ื,274553
ุ,297559
ู,323029
ฺ,3890
เ,1401472
แ,461887
โ,151501
ใ,306520
ไ,688398
ๆ,53190
็,272592
่,1620893
้,1226669
๊,19510
๋,15334
์,160514
ํ,598
๏,17
๑,18
๒,11
๔,14
་,4393
།,439
ཀ,162
ཁ,86
ག,951
ང,393
ཅ,146
ཆ,46
ཇ,22
ཉ,36
ཊ,70
ཌ,29
ཏ,106
ཐ,279
ད,954
ན,668
པ,218
ཕ,59
བ,927
མ,630
ཙ,53
ཚ,243
ཛ,39
ཝ,29
ཞ,110
ཟ,33
འ,601
ཡ,193
ར,522
ལ,635
ཤ,83
ས,1090
ཧ,21
ཨ,137
ཱ,31
ི,1209
ུ,724
ེ,631
ོ,873
ྐ,97
ྒ,173
ྗ,11
ྟ,114
ྡ,42
ྣ,28
ྤ,47
ྦ,28
ྩ,88
ྱ,273
ྲ,283
ླ,15
ྷ,17
က,37361
ခ,14895
ဂ,1714
င,32742
စ,19051
ဆ,6973
ဇ,494
ဉ,950
ည,12824
ဋ,15
ဌ,59
ဍ,18
ဏ,437
တ,25399
ထ,7926
ဒ,5395
ဓ,376
န,21293
ပ,34048
ဖ,12884
ဗ,1552
ဘ,3305
မ,31589
ယ,8555
ရ,22768
လ,14928
ဝ,2368
သ,23102
ဟ,1460
အ,23141
ဤ,381
ဥ,420
ဦ,135
ဧ,51
ဩ,15
ါ,10665
ာ,45786
ိ,38709
ီ,11037
ု,49173
ူ,7295
ေ,31303
ဲ,7161
ံ,9936
့,18969
း,49134
္,1603
်,99908
ျ,16137
ြ,19404
ွ,17952
ှ,17895
ဿ,46
၀,962
၁,652
၂,395
၃,119
၄,291
၅,163
၆,130
၇,101
၈,78
၉,188
၊,797
။,3247
၌,57
၍,399
၎,59
၏,1289
ၐ,53
ა,1093004
ბ,163622
გ,341508
დ,158350
ე,369160
ვ,779297
ზ,71396
თ,642882
ი,123673
კ,295191
ლ,260123
მ,345550
ნ,479337
ო,220203
პ,339342
ჟ,371141
რ,538911
ს,171286
ტ,26195
უ,43364
ფ,99938
ქ,106686
ღ,53860
ყ,93479
შ,14821
ჩ,11098
ც,8549
ძ,9731
წ,110983
ჭ,1111
ხ,10431
ჯ,1561
ჰ,868
ჱ,163103
ჲ,700726
ჳ,49836
ჴ,12
ჵ,27
ሀ,1833
ሁ,40591
ሂ,862
ሃ,4718
ሄ,232
ህ,49407
ሆ,9834
ለ,84093
ሉ,33348
ሊ,4794
ላ,93936
ሌ,8286
ል,70338
ሎ,3149
ሏ,1284
ሐ,4807
ሑ,620
ሒ,80
ሓ,3407
ሔ,95
ሕ,10013
ሖ,19
መ,79925
ሙ,6143
ሚ,24408
ማ,28961
ሜ,1063
ም,177370
ሞ,6071
ሟ,668
ሠ,5969
ሡ,124
ሢ,15
ሣ,1150
ሥ,5067
ሦ,245
ረ,31715
ሩ,19001
ሪ,12290
ራ,31959
ሬ,2549
ር,96028
ሮ,9533
ሯ,331
ሰ,37665
ሱ,40583
ሲ,6260
ሳ,18922
ሴ,2643
ስ,57155
ሶ,2993
ሷ,4933
ሸ,5069
ሹ,1229
ሺ,483
ሻ,7015
ሼ,95
ሽ,2510
ሾ,1067
ሿ,16
ቀ,29085
ቁ,10865
ቂ,5835
ቃ,11349
ቄ,361
ቅ,17988
ቆ,4003
ቋ,1436
ቍ,135
በ,129656
ቡ,4094
ቢ,7761
ባ,31330
ቤ,3932
ብ,29244
ቦ,7635
ቧ,590
ቨ,149
ቪ,255
ቫ,41
ቬ,21
ቭ,17
ቯ,32
ተ,68879
ቱ,13842
ቲ,1393
ታ,39721
ቴ,1003
ት,110428
ቶ,10945
ቷ,756
ቸ,48921
ቹ,9781
ቺ,466
ቻ,18372
ቼ,1454
ች,90724
ቾ,482
ቿ,229
ኀ,1610
ኃ,1412
ኄ,32
ኅ,709
ኋ,5588
ነ,102684
ኑ,15280
ኒ,634
ና,64357
ኔ,5689
ን,215802
ኖ,8520
ኗ,103
ኘ,1582
ኙ,1353
ኚ,90
ኛ,16943
ኜ,90
ኝ,6904
ኞ,5766
አ,114387
ኡ,29
ኢ,2009
ኣ,2230
ኤ,1490
እ,114204
ኦ,317
ከ,70770
ኩ,2965
ኪ,1505
ካ,15474
ኬ,133
ክ,22116
ኮ,2473
ኳ,890
ኸ,474
ኹ,838
ኺ,210
ኻ,120
ኼ,615
ኽ,135
ኾ,22187
ወ,35089
ዉ,387
ዊ,1797
ዋ,18163
ዌ,177
ው,136234
ዎ,23248
ዐ,4087
ዑ,69
ዒ,419
ዓ,6099
ዕ,5243
ዖ,1565
ዘ,14534
ዙ,4927
ዚ,21545
ዛ,7591
ዜ,10563
ዝ,10603
ዞ,1370
ዟ,309
ዠ,45
ዡ,46
ዢ,303
ዣ,144
ዤ,15
ዥ,320
ዦ,276
ዧ,15
የ,77619
ዩ,3584
ያ,68280
ዬ,1983
ይ,80578
ዮ,2420
ደ,42946
ዱ,7246
ዲ,6980
ዳ,15256
ዴ,1833
ድ,34358
ዶ,3312
ዷ,390
ጀ,2585
ጁ,484
ጂ,2757
ጃ,2259
ጄ,84
ጅ,5604
ጆ,3551
ገ,40354
ጉ,4012
ጊ,11833
ጋ,15188
ጌ,9605
ግ,30245
ጎ,3484
ጐ,44
ጓ,1287
ጠ,24755
ጡ,5620
ጢ,2490
ጣ,21235
ጤ,1233
ጥ,34742
ጦ,685
ጧ,1441
ጨ,4750
ጩ,437
ጪ,472
ጫ,2811
ጭ,4042
ጮ,841
ጯ,15
ጲ,14
ጴ,11
ጵ,328
ጸ,4677
ጹ,1496
ጺ,10
ጻ,1570
ጼ,319
ጽ,7302
ጾ,1883
ጿ,30
ፀ,644
ፁ,104
ፃ,267
ፄ,36
ፅ,298
ፆ,17
ፈ,17484
ፉ,3799
ፊ,8841
ፋ,7551
ፌ,228
ፍ,17262
ፎ,2109
ፏ,241
ፐ,214
ፑ,11
ፒ,116
ፓ,445
ፔ,42
ፕ,535
ፖ,433
፡,226684
።,599
፣,7681
፤,11119
፥,31
፦,2742
፱,16
ក,181066
ខ,16689
គ,30033
ឃ,2513
ង,103613
ច,75267
ឆ,4347
ជ,44489
ឈ,4802
ញ,39834
ដ,71403
ឋ,4647
ឌ,4325
ឍ,569
ណ,43363
ត,117031
ថ,22439
ទ,76169
ធ,30615
ន,214519
ប,195752
ផ,25419
ព,62947
ភ,17727
ម,150083
យ,63417
រ,218716
ល,99791
វ,60296
ស,129582
ហ,22544
ឡ,9761
អ,65160
ឥ,1131
ឧ,4092
ឪ,18
ឫ,21
ឬ,5529
ឮ,34
ឯ,8820
ឱ,57
ឲ,5429
ឳ,15
ា,280106
ិ,71947
ី,58484
ឹ,12761
ឺ,6516
ុ,64382
ូ,55250
ួ,27841
ើ,75144
ឿ,973
ៀ,9158
េ,52145
ែ,47918
ៃ,9372
ោ,28864
ៅ,21643
ំ,68320
ះ,24721
ៈ,2795
៉,16130
៊,13248
់,89955
៌,5452
៍,8402
៏,1368
័,17488
្,340402
។,32379
៖,11104
ៗ,2422
០,2969
១,1675
២,2018
៣,692
៤,585
៥,504
៦,416
៧,297
៨,383
៩,555
ᵽ,63
ᶍ,10
ḍ,10
ḥ,29
ṃ,35
ṅ,10
ṇ,11
ṣ,4772
ṭ,43
ẃ,19
ạ,136027
ả,166715
ấ,181258
ầ,73017
ẩ,10961
ẫ,15138
ậ,137589
ắ,86791
ằ,24057
ẳ,8976
ẵ,3198
ặ,33736
ẹ,35640
ẻ,16222
ẽ,95494
ế,226330
ề,86200
ể,106504
ễ,9079
ệ,110844
ỉ,34990
ị,76327
ọ,119555
ỏ,34553
ố,144057
ồ,86074
ổ,36304
ỗ,22847
ộ,122235
ớ,127818
ờ,135118
ở,72656
ỡ,5858
ợ,91665
ụ,59129
ủ,93568
ứ,78856
ừ,54409
ử,21890
ữ,61125
ự,43349
ỳ,3251
ỵ,556
ỷ,2586
ỹ,3347
ἀ,13
ἧ,57
ὰ,17
ὶ,15
ὸ,9
ὺ,11
 ,16
 ,226
​,593002
‌,2011770
‍,1440267
‎,67766
‏,28975
‐,785
‑,1654
‒,223
–,253542
—,126747
―,10091
‘,22752
’,1142680
‚,4089
‛,20
“,280029
”,273520
„,89917
‟,247
†,965
‡,275
•,45590
․,41
…,55930
‧,11
 ,17
‪,540
‫,15620
‬,946
‭,39
 ,57
‰,376
′,6164
″,710
‵,23
‹,1541
›,1864
※,162
‾,13
⁄,19
⁠,54
⁴,16
⁵,14
⁶,13
⁻,24
ⁿ,12
₂,15
₣,10
₪,19
₫,12
€,23429
₴,23
℃,60
ℓ,10
№,5338
™,2995
⅓,21
⅔,15
⅕,15
⅖,12
⅗,12
⅘,14
⅙,15
←,96
↑,1442
→,1657
↓,2857
↔,586
↗,11
⇒,24
∂,42
∆,2087
∏,85
∑,36
−,5082
∕,92
∗,340
∙,47680
√,393
∝,16
∞,491
∣,16
∫,81
∮,271
∶,118
∼,33
≈,223
≠,218
≡,18
≤,5184
≥,10494
≪,112
≫,32
⊿,225
⋅,48
⋆,10
⌊,10
⌋,10
⌦,36
⌫,36
⎢,13
⎥,12
⏐,22
⑴,137
⑵,101
⑶,50
⑷,38
⑸,22
⑹,17
⑺,14
⑻,13
─,1573
━,323
│,1353
┄,15
┅,10
┆,126
┌,52
┏,12
┐,11
┓,15
└,327
┕,55
┘,48
├,15
┝,17
┞,11
┟,52
┠,95
┣,32
┤,26
┥,16
┦,13
┧,15
┪,24
┫,201
┬,53
┮,73
┰,28
┱,22
┲,19
┶,37
╆,22
╇,49
╈,109
║,12
╗,13
╟,62
╠,16
╡,51
╢,32
╣,64
╥,10
╦,55
╧,39
╨,19
╩,33
╪,29
╫,31
╬,76
▀,25
▄,17
█,125
▌,18
▐,15
░,36
▒,27
▓,21
■,1452
□,338
▪,97
▫,11
▬,21
△,13
►,1069
▻,21
▼,678
◄,93
◆,10
○,92
●,801
◢,32
◣,32
★,88
☎,41
☏,15
☒,11
☯,15
☺,44
♀,14
♂,16
♠,10
♡,27
♥,182
♦,306
♩,138
♪,80487
♫,4358
♬,564
♭,11
✔,47
✘,104
✮,22
✿,14
❄,40
❖,22
❤,28
➔,9
➡,99
➣,33
➾,142
ⴗ,45
　,103513
、,301832
。,612027
々,11969
〇,44
〈,891
〉,862
《,58344
》,58327
「,15501
」,15371
『,540
』,530
【,136
】,120
〔,376
〕,370
〜,540
〝,230
〞,76
〟,85
ぁ,3752
あ,160369
ぃ,685
い,448028
ぅ,183
う,175764
ぇ,1575
え,68390
ぉ,311
お,56469
か,268638
が,234621
き,69450
ぎ,5596
く,102644
ぐ,7705
け,77303
げ,12422
こ,162308
ご,11444
さ,86054
ざ,3316
し,282353
じ,40887
す,157783
ず,14761
せ,49213
ぜ,8131
そ,118020
ぞ,14401
た,407899
だ,234492
ち,54402
ぢ,13
っ,246019
つ,48940
づ,2430
て,328940
で,224425
と,199421
ど,60370
な,370813
に,309122
ぬ,2896
ね,37323
の,450078
は,349101
ば,25868
ぱ,1536
ひ,3765
び,7799
ぴ,214
ふ,1903
ぶ,6117
ぷ,160
へ,10648
べ,15100
ぺ,200
ほ,8858
ぼ,2360
ぽ,495
ま,133959
み,27856
む,7876
め,46198
も,146530
ゃ,33053
や,45879
ゅ,184
ゆ,1631
ょ,18914
よ,117939
ら,175117
り,88843
る,289528
れ,222165
ろ,49062
ゎ,24
わ,80220
ゑ,47
を,267719
ん,144424
ゞ,16
ァ,8177
ア,51824
ィ,24729
イ,58471
ゥ,1084
ウ,17716
ェ,12499
エ,13371
ォ,5630
オ,14743
カ,23080
ガ,7395
キ,16567
ギ,3506
ク,47621
グ,14946
ケ,7931
ゲ,3492
コ,16523
ゴ,4343
サ,16786
ザ,4389
シ,26052
ジ,29438
ス,70423
ズ,9431
セ,8391
ゼ,1405
ソ,9168
ゾ,1117
タ,27830
ダ,15337
チ,16371
ヂ,13
ッ,58778
ツ,7024
ヅ,50
テ,19280
デ,17630
ト,52584
ド,34740
ナ,11852
ニ,12944
ヌ,809
ネ,6962
ノ,4062
ハ,11241
バ,20333
パ,18491
ヒ,3366
ビ,12206
ピ,6018
フ,27981
ブ,16277
プ,16993
ヘ,3648
ベ,8583
ペ,4063
ホ,5212
ボ,9016
ポ,6445
マ,29663
ミ,10905
ム,20242
メ,16412
モ,7396
ャ,15991
ヤ,5672
ュ,11482
ユ,2086
ョ,11664
ヨ,1745
ラ,52215
リ,48373
ル,60024
レ,27085
ロ,25126
ヮ,14
ワ,6605
ヰ,82
ヱ,237
ヲ,12
ン,104835
ヴ,4086
ヵ,183
ヶ,992
・,44107
ー,185135
ヾ,55
ㄆ,132
ㄇ,62
ㄈ,16
ㄏ,14
ㄐ,13
ㄓ,272
ㄛ,58
ㄠ,62
ㄢ,38
ㄤ,17
ㄨ,11
ㄱ,13
ㄴ,34
ㄷ,15
ㄹ,16
ㅁ,16
ㅂ,25
ㅅ,29
ㅆ,14
ㅇ,55
ㅈ,22
ㅋ,233
ㅎ,82
ㅏ,12
ㅠ,61
ㅡ,30
㈠,896
㈡,912
㈢,568
㈣,349
㈤,171
㈥,144
㈦,68
㈧,39
㈨,31
㈩,18
㎝,72
㎡,46
㏄,10
㏑,17
一,264703
丁,3036
七,5395
万,11170
丈,6609
三,22795
上,86169
下,70541
不,183989
与,73094
丐,28
丑,376
专,24268
且,15877
世,28891
丘,330
丙,207
业,33079
丛,177
东,14242
丝,1179
丟,49
両,2309
丢,646
两,23001
严,10193
並,912
丧,1137
个,110909
丫,74
中,123760
丰,761
串,180
临,9563
丶,235
丸,631
丹,5778
为,146861
主,88341
丽,1827
举,23164
丿,131
乃,286
久,5875
么,46511
义,33197
之,43288
乌,5093
乍,812
乎,4250
乏,3152
乐,3452
乒,18
乓,17
乔,1214
乖,322
乗,3552
乘,518
乙,370
乜,10
九,4203
乞,177
也,40235
习,5324
乡,832
书,45373
买,4126
乱,3078
乳,810
乾,599
亀,45
亂,107
了,187565
予,10772
争,12980
事,131469
二,25209
于,104625
亏,311
云,457
互,7140
五,15082
井,823
亘,19
亚,46448
些,62062
亜,44
亞,213
亟,171
亡,4864
交,34763
亥,33
亦,608
产,26629
亨,383
亩,51
享,6443
京,2667
亭,88
亮,1442
亲,5986
亵,115
人,253020
亿,3552
什,31060
仁,475
仄,12
仅,6866
仆,237
仇,1714
今,31783
介,6488
仍,9166
从,27230
仏,93
仑,75
仓,333
仔,883
仕,8138
他,131219
仗,170
付,14669
仙,225
代,43916
令,11505
以,151871
仪,631
们,127882
仮,869
仰,3881
仲,4284
件,45259
价,10510
任,52325
份,12036
仿,389
企,5256
伊,18190
伍,861
伎,56
伏,1040
伐,1312
休,4108
众,7221
优,7361
伙,10861
会,320616
伝,4246
伞,122
伟,617
传,10696
伤,5384
伦,3765
伪,716
伯,8823
估,10631
伴,8537
伶,11
伸,793
伺,153
似,5826
伽,112
但,34823
佈,18
位,19605
低,7716
住,13072
佐,1099
佑,257
体,46988
佔,25
何,71177
余,3856
佛,1125
作,135705
你,147301
佢,22
佣,651
佩,858
佬,209
佰,11
佳,2346
併,49
使,48986
侄,95
來,3837
侈,57
例,17189
侍,134
侏,42
供,47681
依,9533
侠,125
価,1499
侣,226
侥,15
侦,617
侧,958
侨,292
侪,78
侬,21
侮,337
侯,238
侵,7833
侶,43
便,14620
係,3015
促,20598
俄,6752
俊,131
俏,18
俐,10
俑,14
俗,833
俘,183
保,62724
俟,50
信,50272
俩,874
俭,17
修,9898
俯,88
俱,482
俳,93
俸,14
俺,20994
俾,41
倆,193
倉,307
個,5054
倍,1635
們,13640
倒,3156
倔,10
倘,83
候,12066
倚,100
借,3404
倡,4463
倣,91
値,2084
倦,135
倩,10
倪,17
倫,235
倳,10
债,6738
值,6812
倾,885
假,3625
偉,1303
偏,1514
做,26206
停,6511
健,8947
側,1480
偵,249
偶,1529
偷,1327
偽,1311
偿,5297
傀,24
傅,91
傍,243
傑,160
傘,85
備,4111
傢,106
储,2423
催,594
傭,55
傲,458
傳,150
債,163
傷,3016
傻,703
傾,392
僅,216
働,2068
像,10374
僕,11146
僚,482
僧,337
僵,471
價,94
僻,60
儀,598
儂,11
億,394
儒,91
儘,41
償,411
儡,24
優,2188
儲,178
儿,28613
允,3156
元,20195
兄,4207
充,12714
兆,393
兇,42
先,37859
光,4819
克,26611
兌,10
免,7772
兎,35
児,627
兑,448
兒,855
兔,160
党,3067
兜,108
兢,29
入,43014
內,226
全,83902
兩,432
八,4840
公,67205
六,9939
兮,63
兰,19921
共,35826
关,109539
兴,5363
兵,4839
其,105440
具,19035
典,4305
兹,2159
养,5211
兼,1437
兽,269
冀,14
内,49671
円,369
冇,20
冈,446
冊,127
册,2615
再,15894
冒,988
冕,24
冗,967
写,7024
军,16998
农,8085
冠,401
冢,16
冤,108
冥,73
冬,525
冯,77
冰,1436
冲,10747
决,79250
冴,15
况,35646
冶,53
冷,3276
冻,766
净,1491
凄,429
准,26811
凉,144
凋,16
凌,402
凍,332
减,13127
凑,80
凛,10
凝,276
几,10691
凡,2934
凤,43
処,2881
凧,13
凭,554
凯,1511
凰,14
凱,87
凳,32
凵,110
凶,996
凸,102
凹,34
出,115103
击,10195
函,1380
凿,112
刀,800
刁,13
刃,156
分,87544
切,25612
刈,94
刊,634
刎,19
刑,14137
划,24650
列,26428
刘,155
则,25391
刚,7913
创,5869
初,9566
删,904
判,15554
別,5558
刨,15
利,73514
别,52551
刮,98
到,95490
制,58774
刷,767
券,883
刹,60
刺,1727
刻,2764
剁,14
剂,1093
剃,133
則,633
削,3254
剌,13
前,66845
剑,258
剔,64
剖,168
剛,247
剣,653
剤,474
剥,2826
剧,2044
剩,1131
剪,199
副,4499
剰,105
割,1890
創,1718
剽,12
剿,16
劃,83
劇,520
劈,39
劉,32
劍,22
劑,20
力,72872
劝,222
办,26823
功,6755
加,73531
务,56072
劣,753
动,78847
助,54516
努,17541
劫,827
励,7121
劲,383
劳,6159
労,591
効,1932
势,9216
勁,38
勃,582
勇,1563
勉,746
勋,179
勒,12116
動,10183
勘,712
務,3423
勝,2788
勞,81
募,870
勢,1032
勤,2396
勧,299
勲,59
勵,18
勸,51
勺,45
勾,314
勿,263
匀,90
匂,402
包,33667
匆,88
匈,885
匍,10
匕,26
化,34203
北,6380
匙,421
匠,174
匡,22
匣,24
匪,163
匮,147
匹,751
区,43758
医,8272
匿,348
區,101
十,31192
千,6908
升,3244
午,6041
半,5049
卍,14
华,2015
协,39528
卑,446
卒,325
卓,337
協,1290
单,12580
卖,3863
南,14745
単,2352
博,4193
卜,970
占,8359
卡,8111
卢,4462
卤,16
卦,23
卧,223
卫,8309
卯,22
印,10215
危,12415
即,12940
却,3674
卵,412
卷,1932
卸,279
卻,164
卿,316
厂,845
厄,2903
厅,4838
历,4482
厉,655
压,2519
厌,712
厕,247
厘,256
厚,440
原,21100
厢,87
厥,14
厦,150
厨,313
厩,47
厭,113
厮,26
厲,79
厳,915
去,33029
县,329
叁,17
参,24330
參,120
又,8518
叉,304
及,77150
友,9599
双,5315
反,23735
収,1209
发,111223
叔,1185
取,47911
受,39748
变,13770
叙,2589
叛,1022
叠,395
叢,9
口,20182
古,6473
句,1593
另,8881
叨,48
叩,468
只,21325
叫,5318
召,4143
叭,64
叮,64
可,84532
台,4185
叱,50
史,3887
右,2310
叶,647
号,37994
司,19002
叹,141
叼,12
叽,28
吁,6554
吃,3919
各,59221
合,121692
吉,5902
吊,292
吋,16
同,61599
名,32310
后,45829
吏,18
吐,680
向,36497
吓,910
吕,91
吗,24469
君,24596
吝,72
吞,277
吟,91
吠,91
否,11584
吧,18400
吨,618
吩,39
含,3676
听,9058
吭,11
吮,19
启,1955
吱,33
吳,13
吴,114
吵,444
吶,37
吸,4104
吹,1236
吻,461
吼,114
吾,90
呀,2185
呂,173
呃,854
呆,666
呈,509
呉,19
告,63458
呋,32
呎,10
呐,200
呑,60
呕,64
呗,42
员,143288
呛,23
呜,59
呢,7797
呣,15
呦,40
周,6282
呪,470
呱,17
味,7921
呵,357
呸,18
呻,64
呼,10380
命,14946
咀,22
咁,23
咄,39
咆,39
咋,101
和,370092
咎,170
咏,12
咐,61
咒,251
咔,12
咕,56
咖,617
咗,21
咙,64
咚,26
咦,52
咧,37
咨,7462
咩,31
咪,206
咬,278
咯,150
咱,633
咲,477
咳,134
咸,95
咻,19
咽,63
哀,737
品,15471
哄,47
哆,18
哇,708
哈,7340
哉,104
哋,23
响,15240
哎,329
哑,65
哒,76
哔,31
哗,57
哟,132
員,4691
哥,12739
哦,4209
哨,242
哩,95
哪,7577
哭,577
哮,66
哲,366
哺,158
哼,129
唄,25
唆,158
唇,205
唉,109
唐,424
唔,157
唖,39
唠,44
唤,324
唧,12
唬,79
售,2366
唯,3008
唱,1328
唷,37
唸,25
唾,70
啃,17
啄,27
商,18715
啊,10992
問,7826
啓,1587
啜,10
啞,10
啟,109
啡,607
啤,272
啥,548
啦,1958
啧,10
啪,29
啬,28
啰,137
啸,303
啻,13
啼,21
喀,1717
喂,1162
喃,46
善,8886
喇,69
喉,401
喊,309
喋,415
喔,692
喘,171
喙,10
喚,268
喜,6483
喝,1988
喧,280
喩,50
喪,125
喫,107
喬,67
單,148
喰,102
喱,10
喲,16
喳,13
喵,11
営,437
喷,306
喻,160
喽,66
嗅,186
嗇,27
嗎,2731
嗑,48
嗒,15
嗓,41
嗜,61
嗝,16
嗡,50
嗣,127
嗤,11
嗦,24
嗨,1419
嗯,2246
嗷,44
嗽,48
嗾,19
嘀,19
嘅,28
嘆,197
嘉,253
嘎,31
嘔,23
嘗,76
嘘,2604
嘛,2036
嘞,23
嘟,50
嘢,16
嘣,13
嘩,259
嘭,13
嘱,114
嘲,380
嘴,1193
嘶,17
嘻,18
嘿,2748
噁,17
噂,381
噌,14
噎,13
噓,16
噗,10
噛,382
噜,32
噢,1437
器,18181
噩,98
噪,76
噬,45
噴,116
嚇,109
嚎,34
嚏,17
嚟,17
嚢,31
嚣,37
嚴,127
嚷,57
嚼,39
囁,70
囉,17
囊,164
囑,17
囗,12
囚,1108
四,13357
回,26442
因,41272
团,33754
団,1157
囤,34
园,1567
囮,31
困,7240
囱,15
囲,926
図,1238
围,8455
固,3449
国,319372
图,7066
圃,60
圆,1059
圈,464
國,538
圍,58
圏,88
園,1658
圓,30
圖,119
團,94
土,19141
圣,3831
圧,678
在,270497
圭,1965
地,90668
圳,13
场,13345
圾,408
址,1024
坂,79
均,5652
坊,670
坍,16
坎,422
坏,4270
坐,2325
坑,204
块,1374
坚,5345
坛,4343
坝,105
坞,100
坟,114
坠,174
坡,1115
坤,31
坦,14340
坨,11
坪,71
坯,51
坳,10
坴,13
坻,17
垂,286
垃,407
垄,155
型,6280
垒,339
垛,10
垢,49
垣,50
垦,28
垫,126
垮,89
埃,5525
埋,1063
城,5279
埔,989
域,32175
埠,29
執,527
培,8244
基,42933
堀,29
堂,1367
堅,464
堆,497
堕,457
堡,1790
堤,97
堪,379
報,6811
場,10678
堵,170
塀,28
塁,20
塊,250
塌,120
塑,387
塔,5135
塗,295
塘,40
塚,16
塞,13175
塩,196
填,992
塵,145
境,22192
墅,45
墓,612
増,810
墙,918
墜,231
增,21007
墟,77
墨,2600
墩,21
墮,20
墳,23
壁,1426
壇,54
壊,2186
壌,21
壑,14
壓,83
壕,62
壞,131
壤,404
士,16703
壮,353
壯,36
声,9418
売,2471
壳,207
壶,48
壹,15
壺,46
壽,20
处,39426
备,15567
変,8025
复,13726
夏,1414
夔,11
夕,1065
外,46929
多,57110
夜,6538
够,12681
夠,190
夢,2038
夥,100
大,114949
天,24306
太,12640
夫,14705
夭,30
央,2016
夯,20
失,18508
头,7582
夷,125
夸,243
夹,184
夺,1919
夾,13
奄,24
奇,3960
奈,456
奉,1153
奋,592
奎,175
奏,656
契,992
奔,225
奖,1369
套,2078
奠,402
奢,115
奥,5890
奧,82
奨,562
奪,1026
奮,514
女,71857
奴,7781
奶,950
奸,935
她,25795
奻,11
好,49803
如,43959
妃,178
妄,426
妆,143
妇,25657
妈,7340
妊,472
妍,18
妒,139
妓,430
妖,277
妙,1226
妝,14
妞,157
妥,1058
妦,16
妨,2054
妬,233
妮,839
妲,21
妳,579
妹,2083
妻,3411
妾,11
姆,3803
姉,890
姊,97
始,14357
姐,2131
姑,561
姓,927
委,74659
姗,21
姚,11
姜,58
姥,17
姦,105
姨,211
姪,64
姫,222
姬,159
姻,973
姿,1095
威,11252
娃,310
娄,10
娅,284
娇,38
娘,3253
娛,15
娜,1261
娠,388
娣,20
娥,16
娩,234
娯,35
娱,267
娴,20
娶,232
娼,151
婆,860
婉,34
婊,253
婓,31
婚,6466
婢,28
婦,964
婪,72
婭,11
婴,738
婶,68
婷,31
婿,36
媒,2305
媚,40
媛,12
媲,14
媳,34
媽,572
嫁,513
嫂,55
嫉,332
嫌,3456
嫖,38
嫩,2769
嬉,816
嬢,372
嬰,33
嬴,10
嬷,38
孀,30
子,46997
孑,11
孔,363
孕,1532
字,8974
存,14865
孙,295
孚,16
孜,20
孝,114
孟,1149
季,1334
孤,1578
学,31897
孩,7765
孫,610
孰,12
孱,11
孳,21
孵,44
學,394
孺,16
孽,54
宁,1325
它,32049
宅,996
宇,1126
守,9790
安,58909
宋,143
完,15412
宏,713
宕,13
宗,5651
官,17491
宙,1061
定,116686
宛,845
宜,1419
宝,2994
实,55621
実,8583
宠,116
审,34579
客,4761
宣,13280
室,10053
宥,195
宪,6941
宫,485
宮,336
宰,359
害,20438
宴,204
宵,129
家,112989
容,11601
宽,1000
宾,1818
宿,1081
寂,492
寄,1954
寅,11
密,8543
寇,50
富,7801
寐,24
寒,600
寓,336
寛,459
寝,2213
寞,70
察,16781
寡,220
寥,49
實,642
寧,160
寨,934
審,933
寫,133
寬,79
寮,57
寰,11
寵,70
寶,190
寸,355
对,110774
寺,479
寻,3475
导,16536
対,6131
寿,489
封,2111
専,671
射,3796
将,56258
將,1014
專,70
尉,752
尊,5759
尋,901
對,2031
導,2312
小,33044
少,25512
尔,32271
尖,414
尘,235
尚,3605
尝,699
尤,6743
尧,31
尬,120
就,60287
尴,115
尸,723
尹,26
尺,498
尻,356
尼,21798
尽,12340
尾,918
尿,433
局,19203
屁,772
层,5219
居,11425
屈,911
屉,29
届,21902
屋,5222
屌,36
屍,69
屎,363
屏,170
屑,85
展,66990
属,7948
屠,604
屡,103
層,316
履,5792
屬,90
屯,29
山,5151
屿,1475
岁,3600
岂,39
岆,34
岌,84
岐,36
岔,31
岖,18
岗,338
岛,5521
岡,77
岩,451
岬,11
岭,64
岳,119
岸,1556
岿,37
峈,13
峙,74
峠,12
峡,198
峦,14
峭,18
峰,526
島,1018
峻,335
崇,1276
崎,148
崔,111
崖,162
崛,116
崩,710
崭,46
崽,36
嵌,63
嵐,308
嶋,10
巅,23
巒,13
川,1159
州,3380
巡,976
巢,73
巣,154
工,73442
左,2077
巧,835
巨,2725
巩,1092
巫,245
差,5563
己,10296
已,32899
巳,18
巴,29697
巷,73
巻,745
巾,181
币,2294
市,12100
布,17950
帅,268
帆,131
师,5230
希,12018
帐,1052
帕,1442
帖,37
帘,39
帚,13
帜,68
帝,4825
帥,79
带,9141
師,1692
席,21140
帮,9177
帯,1243
帰,5456
帳,314
帶,432
帷,23
常,25152
帽,620
幅,1672
幌,49
幕,1662
幢,49
幣,86
幫,394
干,14057
平,44253
年,147347
并,66443
幸,4623
幹,446
幺,20
幻,662
幼,896
幽,680
幾,523
广,6936
庁,135
広,1139
庄,727
庆,735
庇,1101
床,1623
序,11847
库,4190
应,58281
底,5135
店,2613
庙,96
庚,16
府,37542
庞,296
废,2505
度,37738
座,4344
庫,1050
庭,15909
庶,46
康,5775
庸,104
廁,22
廃,277
廉,546
廊,391
廓,24
廖,17
廚,34
廝,12
廠,30
廢,47
廣,42
廳,42
延,4640
廷,2124
建,49439
廻,75
开,48203
弁,1309
异,2133
弃,2567
弄,1527
弈,16
弊,255
式,25815
弓,166
弔,37
引,12596
弗,1650
弘,62
弛,23
弟,4260
张,3744
弥,497
弦,86
弧,290
弭,10
弯,144
弱,4675
張,2789
強,4254
弹,3811
强,33595
弾,1997
彈,89
彎,20
归,2409
当,57683
录,8606
彗,47
彙,34
形,11630
彥,41
彦,61
彩,586
彪,23
彫,108
彬,27
彭,88
彰,113
影,17296
彷,39
役,3312
彻,1718
彼,58867
彿,15
往,6737
征,3485
径,2203
待,18334
很,26913
徊,53
律,22677
後,12980
徐,99
徒,4201
従,2469
得,61748
徘,53
徙,2320
從,1018
御,6143
徨,25
復,2120
循,1594
微,2123
徳,408
徴,266
徵,19
德,13998
徹,323
徽,71
心,35245
必,41885
忆,968
忌,428
忍,3450
忏,52
忒,151
志,3003
忘,5257
忙,2237
応,2095
忠,1138
忡,36
忧,740
快,11511
忱,19
念,7373
忽,1125
忿,10
怀,2278
态,5291
怂,78
怎,12136
怒,2103
怕,2567
怖,11860
怜,443
思,24918
怠,189
怡,17
急,8687
性,61703
怨,370
怪,2847
怯,245
总,20490
恃,10
恅,13
恆,16
恋,1610
恍,22
恐,15495
恒,290
恕,284
恙,32
恢,3684
恣,14
恤,1173
恥,736
恨,1148
恩,4198
恪,87
恫,94
恭,337
息,18397
恰,1101
恳,111
恵,1213
恶,3153
恺,17
恼,137
恿,78
悄,155
悅,56
悉,944
悍,44
悔,1211
悖,186
悚,27
悟,945
悠,287
患,1690
悦,190
您,2502
悩,487
悪,9184
悬,432
悯,74
悲,3680
悶,23
悸,14
悼,264
情,46952
惊,1411
惋,20
惑,1351
惕,178
惚,171
惜,583
惟,142
惠,1595
惡,415
惦,17
惧,616
惨,798
惩,2174
惫,33
惭,21
惮,54
惯,1942
惰,55
惱,17
想,29140
惶,35
惹,367
惺,25
愁,111
愈,435
愉,404
意,60994
愕,22
愚,911
愛,5867
感,22104
愣,15
愤,281
愧,159
愿,9436
慄,11
慈,2374
態,2163
慌,293
慎,1181
慑,140
慕,390
慘,25
慢,2657
慣,668
慧,321
慨,404
慮,709
慰,652
慶,40
慷,336
慾,25
憂,165
憋,31
憎,501
憐,101
憑,120
憤,72
憧,77
憩,259
憫,38
憬,17
憲,129
憶,1108
憾,1579
懂,1271
懇,78
懈,366
應,1102
懊,18
懐,188
懒,107
懦,113
懲,1726
懶,13
懷,119
懸,426
懺,23
懼,104
戀,47
戈,1456
戊,24
戎,11
戏,1173
成,77381
我,253694
戒,1571
或,47997
战,23257
戚,230
戟,16
戦,5867
截,2140
戮,219
戯,166
戰,288
戲,102
戳,61
戴,1160
戶,55
户,4401
戸,280
戻,7172
房,6723
所,103251
扁,103
扂,94
扇,196
扉,233
手,31042
才,9210
扎,1142
扑,106
扒,31
打,16480
扔,418
払,1971
托,6411
扛,39
扣,896
执,31874
扩,8235
扪,13
扫,774
扬,2164
扭,602
扮,372
扯,317
扰,1459
扱,880
扳,56
扶,792
批,7666
扼,153
找,8751
承,17261
技,20542
抄,101
抉,54
把,17118
抑,710
抓,1557
投,12130
抖,77
抗,3085
折,1730
抚,436
抛,417
抜,1788
択,2128
抢,732
护,22437
报,60919
抨,32
披,629
抬,280
抱,3554
抵,2301
抹,233
押,3094
抽,870
拂,22
担,12154
拆,503
拇,41
拉,38308
拋,48
拌,34
拍,1508
拐,720
拒,3255
拓,260
拔,276
拖,1524
拗,16
拘,3047
拙,54
拚,17
招,2539
拜,3554
拝,894
拟,7809
拠,1598
拡,506
拢,42
拣,33
拥,3490
拦,199
拧,29
拨,1901
择,5546
括,29494
拭,163
拮,28
拯,489
拱,28
拳,444
拴,21
拶,328
拷,293
拸,12
拼,240
拽,33
拾,515
拿,7453
持,54774
挂,778
指,33191
按,11577
挑,6070
挖,362
挙,613
挚,98
挛,11
挝,544
挟,114
挠,235
挡,273
挣,214
挤,337
挥,5435
挨,511
挪,1576
挫,307
振,1863
挺,807
挽,219
挿,168
捂,15
捅,55
捆,64
捉,341
捌,11
捍,609
捎,17
捏,282
捐,6542
捕,6415
捗,45
捜,3350
捞,427
损,5806
捡,94
换,3271
捣,114
捧,344
捨,1636
据,35892
捱,12
捲,32
捷,1304
捻,27
掀,39
掂,15
掃,495
授,5948
掉,2397
掌,1507
掏,58
掐,27
排,10826
掘,586
掙,12
掛,1512
掟,263
掠,229
採,338
探,6886
掣,14
接,20651
控,8306
推,8893
掩,430
措,21554
掮,21
掰,23
掲,87
掳,12
掴,372
掷,94
掸,29
掺,27
掻,82
揃,169
揆,14
揉,84
揍,128
描,1428
提,98779
插,482
揚,141
換,1224
握,1640
揣,15
揪,40
揭,463
揮,392
援,17806
揺,435
揽,306
搁,245
搂,29
搅,91
損,831
搏,85
搐,12
搔,18
搖,29
搜,951
搞,1656
搬,810
搭,560
搶,36
携,1499
搾,44
摂,134
摄,645
摆,1115
摇,432
摈,26
摊,2015
摒,74
摔,172
摘,1071
摧,571
摩,4497
摸,331
摺,12
撂,12
撃,5692
撇,40
撐,16
撑,227
撒,2484
撕,141
撞,566
撤,2723
撥,19
撫,41
撬,41
播,3395
撮,803
撰,394
撲,65
撵,12
撼,58
撿,12
擁,132
擂,12
擅,206
擇,79
擊,168
擋,22
操,2230
擎,161
擒,27
擔,160
據,127
擠,14
擦,374
擬,63
擺,32
擾,41
攀,86
攒,13
攔,12
攝,34
攣,29
攪,17
攫,55
支,37471
收,17951
攸,859
改,20902
攻,3927
放,16784
政,82217
故,5225
效,21601
敌,1544
敏,1151
救,9650
敕,16
敖,12
敗,1616
敘,22
教,31564
敛,19
敞,99
敢,1643
散,6558
敦,4300
敬,1941
数,36557
敲,358
整,10906
敵,2649
敷,308
數,147
文,48925
斉,129
斋,59
斌,23
斎,126
斐,574
斑,123
斕,62
斗,2846
料,16413
斜,163
斟,111
斡,272
斤,162
斥,756
斧,123
斩,54
斬,91
断,7985
斯,54819
新,39156
斷,83
方,125548
於,1208
施,35407
旁,557
旅,4988
旋,768
族,16734
旗,652
无,21680
既,3087
日,89359
旦,2364
旧,1112
旨,4396
早,9014
旬,167
旱,767
时,63486
旷,99
旺,2319
昂,2432
昆,444
昇,428
昌,43
明,48619
昏,292
易,16085
昔,1368
星,8385
映,4509
春,1012
昧,144
昨,3119
昭,226
是,224826
昵,17
昼,827
显,6547
時,24160
晃,109
晋,237
晒,247
晓,288
晕,132
晚,4950
晝,32
晤,506
晦,39
晨,349
晩,1081
普,9595
景,3590
晰,273
晴,1666
晶,149
智,2404
晾,21
暁,107
暂,2325
暇,542
暈,12
暑,325
暖,745
暗,2758
暢,23
暦,38
暨,12
暫,151
暮,833
暴,10176
暹,17
曇,52
曉,34
曖,50
曙,30
曜,1005
曝,55
曦,14
曬,13
曰,24
曲,1661
更,29167
書,5654
曹,368
曼,2798
曽,24
曾,4268
替,3465
最,51789
會,2859
月,69197
有,223720
朋,3332
服,18657
朔,23
朕,20
朗,3592
望,16436
朝,4518
期,48909
朦,13
朧,25
木,2716
未,18560
末,2288
本,61845
札,243
朮,24
术,19259
朱,455
朴,122
朵,265
机,59084
朽,90
杀,7486
杂,2589
权,71104
杅,29
杆,250
杉,205
李,665
杏,36
材,4129
村,4386
杖,270
杜,1483
杞,11
束,9584
杠,196
条,50602
来,98034
杨,105
杭,119
杯,2230
杰,2148
東,1377
松,1397
板,1434
极,11190
构,35832
枉,126
析,5171
枕,131
林,8060
枚,750
果,37033
枝,225
枠,73
枢,180
枣,31
枪,2820
枫,11
枭,23
枯,219
架,10219
枷,48
柄,422
柏,461
某,7761
柑,43
染,4018
柔,311
柜,189
柠,51
查,29465
柩,10
柬,981
柯,384
柱,634
柳,84
柴,209
柵,41
査,4014
柿,15
栄,793
栅,59
标,27146
栈,16
栋,166
栏,360
树,1056
栓,55
栖,96
栗,41
校,6370
栦,15
栩,16
株,334
样,28681
核,18771
根,27022
格,14393
栽,81
桁,81
桂,34
桃,228
桅,24
框,7516
案,62136
桌,1006
桑,2306
桔,12
桜,54
桟,19
档,869
桥,434
桨,17
桩,68
桶,303
桿,14
梁,204
梅,1423
梗,22
條,187
梢,11
梦,1127
梨,51
梭,65
梯,403
械,728
梱,15
梳,68
梵,49
梶,26
检,5971
棄,496
棉,309
棋,109
棍,148
棒,2298
棕,101
棗,30
棘,188
棚,247
棟,115
森,5567
棱,56
棲,26
棵,94
棺,140
椅,493
植,1642
椎,85
椒,84
検,2184
椰,53
椿,10
楊,26
楔,11
楕,15
楚,2128
楠,23
業,3280
極,805
楷,40
楼,1316
楽,4415
概,5329
榄,91
榈,47
榜,174
榨,30
榮,39
榴,154
榻,18
構,1839
槌,35
槍,279
様,5197
槛,68
槟,77
槽,122
槿,15
樂,398
樊,10
樓,91
標,1428
模,6283
樣,1641
権,2116
横,1137
樫,33
樱,52
樹,267
樽,54
橄,93
橇,21
橋,396
橘,35
橙,58
機,5250
橡,115
橫,22
橱,55
檎,22
檐,13
檔,35
檢,89
檬,56
檻,72
櫑,13
欄,45
權,134
欠,1710
次,40194
欢,11207
欣,989
欧,15251
欲,5190
欸,10
欺,1246
款,22663
歇,309
歉,2203
歌,2273
歎,23
歐,45
歓,384
歡,448
止,23559
正,45916
此,42172
步,16623
武,21250
歧,8355
歩,2229
歪,207
歯,622
歲,130
歳,1545
歴,866
歷,89
歸,296
歹,61
死,24407
歼,15
殃,36
殆,158
殉,85
殊,2551
残,9601
殖,2746
殘,45
殡,11
殲,10
殴,824
段,25700
殷,33
殺,14272
殻,91
殼,13
殿,775
毀,166
毁,3920
毅,50
毋,44
母,8639
毎,1311
每,12390
毒,9844
比,27225
毕,1646
毗,126
毙,105
毛,3416
毡,10
毫,1961
毯,161
氏,1262
民,59823
氓,65
气,8725
気,18350
氛,487
氟,404
氢,131
氣,276
氦,12
氧,960
氨,61
氪,16
氮,76
氯,941
水,14598
氷,267
永,3749
氹,64
汀,173
汁,186
求,32300
汇,3733
汉,1092
汎,10
汐,21
汗,3890
汚,959
汝,80
汞,397
江,253
池,576
污,1860
汤,764
汪,35
汰,310
汲,214
汶,2454
汹,20
決,5860
汽,861
沁,10
沃,3548
沈,499
沉,988
沌,45
沐,27
沒,2793
沖,74
沙,5294
沛,33
沟,636
没,41876
沢,644
沥,30
沦,148
沧,12
沫,156
沮,157
河,1626
沸,132
油,3442
治,22329
沼,147
沾,114
沿,1280
況,1415
泄,277
泉,408
泊,1551
泌,47
法,130697
泛,4323
泡,495
波,6129
泣,910
泥,833
注,26536
泪,156
泰,2039
泳,688
泵,63
泻,54
泼,48
泽,528
洁,1085
洄,91
洋,6267
洒,123
洗,2829
洙,15
洛,5758
洞,790
津,1845
洩,50
洪,888
洱,52
洲,26732
活,36343
洼,28
洽,279
派,15793
流,14038
浄,242
浅,259
浆,78
浇,62
测,9051
济,27179
浏,31
浑,100
浓,434
浜,129
浣,17
浦,1459
浩,158
浪,1117
浮,888
浴,628
海,16550
浸,256
涂,224
涅,221
消,16689
涉,8520
涌,230
涎,15
涕,95
涙,208
涛,53
涜,47
涝,23
涡,39
涤,30
润,479
涨,482
涩,22
涯,275
液,985
涴,30
涵,989
涸,17
涼,64
淀,18
淆,125
淇,71
淋,192
淌,31
淑,92
淘,253
淚,10
淡,424
淤,27
淨,31
淩,10
淪,13
淫,994
淮,17
深,7803
淳,26
淵,20
混,3400
淹,184
添,760
清,9746
渇,124
済,1552
渉,394
渊,115
渋,128
渍,15
渎,117
渐,958
渓,26
渔,1573
渗,186
減,975
渝,24
渠,603
渡,5801
渣,105
渥,136
渦,45
温,2287
測,739
渭,76
港,2090
渴,360
游,3161
渺,57
渾,12
湄,42
湖,920
湘,13
湛,12
湧,53
湮,12
湯,205
湾,901
湿,420
満,1454
溃,312
溅,27
溉,155
源,22567
準,3006
溜,243
溝,64
溢,195
溪,41
溫,57
溯,156
溴,437
溶,293
溺,322
滅,1535
滋,7528
滑,758
滔,43
滕,66
滚,760
滝,46
滞,689
满,6607
滤,65
滥,1487
滨,182
滩,239
滲,21
滴,461
滾,82
滿,165
漁,107
漂,1142
漆,133
漏,792
漑,16
演,3882
漕,37
漠,1345
漢,141
漩,17
漫,599
漬,57
漯,30
漱,10
漸,24
潇,17
潔,416
潘,299
潛,19
潜,2833
潟,10
潤,38
潭,14
潮,508
潰,260
澄,924
澈,16
澜,29
澡,192
澤,47
澪,67
澳,2345
激,3092
濁,22
濃,131
濑,17
濒,113
濕,12
濟,40
濡,150
濫,17
濯,110
瀑,42
瀕,52
瀚,11
瀬,93
灌,324
灘,13
灣,23
火,7181
灭,2998
灯,870
灰,606
灵,2148
灶,24
灸,23
灼,47
災,713
灾,4460
灿,35
炉,287
炊,38
炎,564
炒,139
炔,12
炖,22
炙,34
炫,67
炬,20
炭,296
炮,541
炯,20
炳,46
炸,2740
点,27665
為,6527
炼,228
炽,10
烁,30
烂,451
烃,87
烈,2228
烊,15
烏,56
烘,34
烙,45
烛,70
烟,994
烤,228
烦,1253
烧,790
烩,20
烫,65
烬,23
热,2407
烯,38
烷,289
烹,46
焉,40
焊,37
焕,29
焙,12
焚,139
無,15158
焦,679
焰,106
然,32607
焼,905
煉,40
煌,58
煎,100
煙,502
煞,57
煤,245
照,15572
煩,175
煮,168
煲,12
煽,492
熄,56
熊,427
熏,68
熔,54
熙,47
熟,1485
熨,17
熬,100
熱,1128
燃,2308
燈,74
燐,17
燒,62
燕,77
營,45
燥,91
燦,10
燭,25
燻,13
爆,4401
爐,12
爛,50
爪,237
爬,291
爭,167
爱,9355
爲,24
爵,786
父,10682
爷,558
爸,4812
爹,213
爺,186
爽,379
爾,566
牆,30
片,4025
版,3415
牌,748
牒,10
牙,6277
牛,1607
牟,40
牠,94
牡,90
牢,889
牧,875
物,34156
牲,1459
牵,573
特,69214
牺,370
牽,49
犀,28
犁,20
犊,19
犠,825
犢,10
犧,28
犬,1668
犯,21716
状,9938
犹,1014
狀,65
狂,1887
狄,128
狈,15
狐,96
狒,17
狗,1399
狙,979
狟,27
狠,158
狡,93
狥,26
狦,41
狩,410
独,9100
狭,370
狮,135
狱,2132
狸,51
狹,14
狼,577
狽,25
猁,19
猎,362
猖,75
猛,480
猜,964
猝,13
猟,132
猥,51
猩,144
猪,404
猫,906
猭,43
献,4112
猴,154
猵,11
猶,328
猾,87
猿,285
獄,1651
獅,41
獎,60
獗,74
獣,592
獨,96
獰,16
獲,441
獵,52
獶,14
獸,40
獹,11
獺,43
獻,39
玂,21
玄,351
率,10466
玉,608
王,8096
玛,1366
玡,59
玩,2982
玫,85
环,14234
现,49564
玲,39
玷,31
玺,12
玻,1316
珀,191
珂,25
珇,10
珈,12
珊,372
珍,693
珠,341
珨,27
班,8084
現,6421
珿,11
球,16091
理,91157
琉,14
琌,741
琍,12
琐,72
琢,33
琥,44
琦,19
琩,29
琪,180
琳,498
琴,324
琵,105
琶,14
琼,243
瑈,10
瑕,27
瑙,251
瑚,208
瑜,40
瑞,5338
瑟,650
瑪,102
瑰,89
瑶,17
瑾,11
璃,171
璣,12
璧,574
環,509
璶,277
璸,16
瓁,11
瓆,11
瓜,2438
瓣,55
瓦,9113
瓮,14
瓳,29
瓶,529
瓷,29
甄,247
甘,711
甚,2867
甜,474
生,88578
甡,25
產,263
産,1636
甥,112
甦,238
用,81462
甩,161
甫,25
田,1393
由,37708
甲,977
申,13240
电,12246
男,15121
甸,1262
町,1170
画,5392
畅,147
畉,11
界,27389
畍,11
畏,1611
畑,148
畔,26
留,11530
畜,794
畝,11
畢,49
略,13153
番,4805
畫,69
異,1361
畳,23
畴,325
當,1782
畸,29
疆,1261
疎,111
疏,306
疑,5924
疗,4011
疙,14
疚,72
疟,627
疤,74
疫,1056
疭,48
疮,38
疯,1356
疱,12
疲,1070
疵,20
疹,103
疼,329
疽,70
疾,5128
痁,10
病,16442
症,1506
痉,10
痊,33
痒,78
痔,14
痕,609
痘,39
痙,38
痛,4076
痞,13
痢,48
痣,24
痩,94
痪,100
痫,25
痰,10
痴,408
痷,114
痹,111
痺,85
瘀,12
瘋,125
瘍,88
瘘,43
瘟,51
瘠,18
瘤,169
瘦,109
瘩,14
瘪,13
瘫,110
瘸,25
瘾,193
療,1192
癇,12
癌,647
癒,204
癖,210
癘,15
癚,11
癠,11
癡,28
癥,12
癪,16
癫,50
癬,72
癮,13
癳,16
癶,10
癸,110
発,5972
登,5471
發,871
白,8658
百,4350
皂,90
的,997882
皆,3595
皇,943
皈,19
皊,14
皑,32
皮,2148
皱,26
皿,153
盃,19
盆,148
盈,289
盉,15
益,12226
盎,38
盏,23
盐,212
监,15581
盒,261
盔,122
盖,2669
盗,2992
盘,976
盛,1157
盜,16
盞,13
盟,13398
盡,122
盢,20
監,1711
盤,183
盧,27
盪,15
目,63465
盯,234
盲,947
直,16699
相,31157
盹,14
盼,148
盽,22
盾,831
盿,31
省,3273
眈,11
眉,172
看,26849
県,267
眏,16
眔,140
眕,10
眖,50
真,27387
眠,1607
眤,11
眨,36
眩,60
眯,10
眶,14
眷,45
眸,10
眺,173
眼,2944
眾,436
着,25835
睁,98
睇,13
睐,20
睛,611
睜,15
睡,1922
督,6042
睦,293
睨,28
睫,60
睬,22
睹,260
睼,13
睽,13
睾,33
睿,184
瞄,148
瞅,13
瞌,15
瞎,192
瞑,38
瞒,203
瞞,46
瞥,18
瞦,11
瞧,587
瞩,58
瞪,29
瞬,748
瞭,245
瞰,40
瞳,104
瞶,24
瞷,91
瞻,106
矗,17
矛,476
矜,11
矢,339
矣,12
知,52461
矩,245
矪,14
矫,69
短,3163
矮,90
矯,50
石,4581
矶,144
矹,17
矿,1138
码,1312
砂,521
砃,11
砆,34
砌,14
砍,284
砑,13
研,14881
砕,143
砖,73
砛,33
砦,68
砰,71
砲,377
破,7968
砷,16
砸,301
砾,12
础,8494
硂,396
硄,19
硅,33
硕,125
硝,81
硫,199
硬,818
确,37051
碉,15
碌,42
碍,4219
碎,791
碑,361
碗,106
碘,65
碞,201
碟,69
碧,102
碭,23
碰,902
碱,55
碳,844
確,8008
碼,62
碾,30
磁,369
磅,148
磋,1929
磐,24
磔,22
磕,14
磨,560
磯,39
磷,79
磺,89
礁,264
礎,95
礙,40
礚,42
礛,51
礫,31
礹,14
示,21452
礼,4179
社,41496
祀,19
祂,17
祇,58
祈,1793
祉,373
祐,97
祓,14
祖,1484
祘,10
祜,12
祝,2837
神,10865
祟,42
祥,153
票,5304
祭,409
祷,388
祸,495
禀,18
禁,9095
禄,26
禅,24
禍,28
福,5038
禗,29
禜,10
禦,19
禧,18
禬,12
禮,180
禱,114
禲,26
离,10684
禽,93
禾,11
禿,20
秀,700
私,60407
秃,38
秆,22
秈,42
秉,76
秋,453
种,43582
科,20441
秒,1275
秘,31784
租,1334
秤,66
秦,36
秨,105
秩,1027
积,6887
称,7284
移,10304
秽,35
稀,287
稅,13
程,42745
稍,576
税,3305
稚,82
稠,39
稣,230
稦,32
種,2020
稰,30
稱,238
稲,152
稳,5149
稻,115
稼,605
稽,125
稿,1489
穀,100
穂,98
穆,2630
穌,24
積,524
穏,189
穗,22
穝,20
穢,29
穦,247
穩,35
穫,147
穴,712
究,12654
穷,4554
穹,44
空,14045
穿,1929
突,14716
窃,459
窄,108
窍,64
窑,16
窒,136
窓,620
窖,36
窗,565
窘,80
窜,23
窝,197
窟,339
窥,81
窩,18
窮,157
窺,11
窾,16
窿,11
竄,12
竇,48
竊,24
立,48611
竒,43
竖,39
站,3778
竜,184
竞,3527
竟,1112
章,8918
竡,10
竣,32
童,21551
竭,410
端,3542
競,425
竹,138
竿,49
笃,26
笆,53
笑,4182
笔,1332
笙,14
笛,164
笞,15
符,4402
笨,435
第,133211
笲,19
笴,11
笵,133
笷,12
笼,196
筁,143
筆,218
筈,366
等,30059
筋,506
筏,24
筐,12
筑,1293
筒,218
答,7119
策,18851
筛,149
筝,15
筵,10
筷,12
筹,6748
签,6717
筿,30
简,4717
箇,69
箋,47
箍,10
算,18461
管,36419
箫,15
箭,437
箱,1777
箸,14
節,578
範,453
篇,473
築,437
篡,68
篤,56
篭,17
篮,139
篱,23
篷,103
簀,27
簆,16
簈,11
簘,10
簡,1320
簧,19
簽,64
簿,284
籃,17
籍,2446
籠,90
籲,10
米,6128
类,17248
籽,16
粄,44
粉,708
粋,129
粒,354
粗,444
粘,169
粛,60
粟,161
粥,33
粧,75
粪,89
粮,3813
粹,411
精,6071
糊,463
糑,21
糒,14
糕,773
糖,687
糗,13
糙,22
糞,274
糟,1158
糧,170
糶,16
糸,137
系,34848
糾,32
紀,352
約,4539
紅,259
紆,10
紈,28
紊,61
紋,414
納,708
紐,69
純,693
紗,87
紙,1285
級,543
紛,195
素,8852
紡,12
索,13414
紧,6695
紫,184
累,1251
細,1184
紳,187
紹,492
紺,10
終,5434
組,2130
絆,97
絋,14
経,2354
結,5903
絕,465
絞,293
絡,2196
給,2087
絨,32
絮,13
統,1964
絲,102
絵,684
絶,2155
絹,36
綁,31
經,1029
継,811
続,4257
綜,11
綠,31
維,529
綱,62
網,217
綴,292
綺,275
綻,37
綼,10
綾,15
綿,69
緊,830
総,477
緑,286
緒,5195
線,1908
締,406
緣,27
編,531
緩,129
緯,68
練,1217
縁,319
縄,136
縋,39
縛,281
縞,13
縣,10
縦,207
縫,155
縮,319
縱,17
總,267
績,242
繁,1347
繊,99
繋,579
織,723
繕,25
繞,20
繧,11
繩,19
繫,64
繭,62
繰,581
繷,37
繼,163
纂,298
續,146
纏,49
纒,26
纠,855
红,1783
纤,90
约,71681
级,19843
纪,3999
纫,22
纬,83
纯,582
纱,78
纲,3606
纳,14423
纵,417
纷,457
纸,796
纹,236
纺,109
纽,3139
纾,15
线,4507
练,2750
组,71798
绅,68
细,4827
织,42984
终,5659
绊,57
绌,24
绍,5229
经,64144
绑,921
绒,30
结,26651
绕,555
绘,325
给,23847
络,4203
绝,5880
绞,56
统,28170
绣,22
绥,22
继,17644
绩,2316
绪,481
续,32294
绰,47
绳,554
维,20697
绵,75
绷,41
绸,50
综,4272
绽,18
绿,476
缀,19
缄,22
缅,1279
缆,63
缇,24
缉,329
缓,1724
缔,22093
缕,18
编,12030
缘,895
缚,83
缝,174
缠,145
缩,1562
缪,53
缮,71
缴,1630
缶,152
缸,62
缺,6381
罂,149
罄,10
罐,176
网,8094
罔,20
罕,534
罗,14654
罚,3807
罠,221
罢,369
罩,179
罪,20419
置,9732
罰,2451
署,16245
罵,67
罷,62
罹,42
罺,11
羁,279
羅,259
羆,20
羊,592
美,34992
羔,26
羘,21
羚,17
羛,12
羞,351
羡,53
群,7311
羨,46
義,3089
羶,11
羽,390
翁,187
翅,85
翌,128
習,1055
翔,87
翘,41
翠,91
翡,16
翩,40
翰,1308
翴,101
翻,1465
翼,459
耀,176
老,9634
考,21257
者,68164
耋,13
而,49970
耍,229
耐,1212
耕,298
耗,1044
耙,15
耳,3991
耶,2169
耸,34
耻,307
耽,182
耿,30
聂,10
聆,82
聊,803
聋,86
职,14825
联,87745
聖,1216
聘,1696
聚,1172
聞,13110
聡,46
聪,553
聯,128
聰,84
聲,218
聴,1051
職,1109
聽,740
聾,50
肃,227
肆,253
肇,206
肈,10
肉,1888
肋,100
肌,299
肖,228
肘,75
肚,256
肛,46
肝,284
肠,160
股,2939
肢,413
肤,343
肥,544
肩,567
肪,106
肮,83
肯,3818
育,15525
肴,11
肺,422
肾,93
肿,139
胀,568
胁,4610
胃,308
胆,563
胊,12
背,5510
胎,767
胖,249
胚,77
胜,1305
胞,812
胡,1011
胰,20
胱,32
胳,75
胴,36
胶,204
胸,1086
胺,159
能,87626
脂,213
脅,1009
脆,1624
脇,120
脈,333
脉,233
脊,199
脏,643
脐,17
脑,6288
脓,16
脖,120
脚,1392
脛,17
脫,89
脯,13
脱,3708
脳,737
脸,796
脹,11
脾,121
腀,10
腊,1294
腌,12
腎,58
腐,2400
腑,24
腓,13
腔,213
腕,987
腞,13
腥,118
腦,113
腫,156
腮,14
腰,347
腱,39
腳,92
腸,106
腹,1369
腺,155
腻,28
腾,173
腿,573
膀,151
膊,70
膏,79
膚,184
膛,50
膜,193
膝,302
膠,23
膨,483
膳,83
膽,23
膿,21
臀,62
臂,189
臆,270
臉,114
臓,736
臘,14
臟,35
臣,642
臥,87
臨,515
自,57483
臭,1287
至,25974
致,13778
臺,83
臼,46
舅,115
舆,183
與,379
興,1521
舉,62
舊,34
舌,482
舍,896
舎,244
舐,59
舒,537
舔,53
舗,32
舞,2632
舟,194
舧,40
航,3198
般,6900
舰,312
舱,257
舵,71
舶,388
舷,73
船,5643
艇,286
艘,345
艦,715
良,11060
艰,762
艱,34
色,13648
艳,49
艹,15
艺,1117
艾,9383
节,6585
芋,23
芒,137
芙,135
芜,13
芝,438
芥,61
芦,22
芬,1476
芭,189
芮,24
芯,73
花,3506
芳,81
芸,300
芹,16
芽,102
苇,41
苍,105
苏,5309
苔,34
苗,462
苛,124
苟,35
若,5593
苦,4060
苯,597
英,8971
苹,104
茁,13
茂,156
范,11001
茄,109
茅,57
茉,33
茎,59
茜,152
茧,17
茨,1047
茫,76
茬,10
茱,94
茲,42
茵,35
茶,1121
茸,25
茹,36
荆,18
草,18103
荐,246
荒,1774
荘,62
荡,592
荣,1460
荧,33
荫,22
药,5881
荷,3377
荼,14
莅,12
莉,1302
莊,36
莎,912
莓,57
莢,31
莫,2579
莱,3166
莲,115
获,13231
莺,12
莽,48
菁,18
菅,12
菇,48
菊,74
菌,444
菓,110
菜,688
菠,23
菩,28
華,282
菱,24
菲,2593
萃,14
萄,1222
萊,103
萌,54
萍,17
萎,116
萝,162
萤,14
营,7303
萦,15
萧,132
萨,6098
萬,421
萸,125
落,9783
葉,2476
著,7341
葛,309
葡,1267
董,842
葦,13
葫,10
葬,746
葱,53
葵,21
葺,10
蒂,2113
蒋,22
蒔,21
蒙,3043
蒜,31
蒲,36
蒸,233
蒼,34
蒿,14
蓄,916
蓉,13
蓋,219
蓑,20
蓓,14
蓝,659
蓬,516
蓮,19
蔑,251
蔓,371
蔗,34
蔚,190
蔡,27
蔬,83
蔭,40
蔵,233
蔻,11
蔼,48
蔽,228
蕃,10
蕉,87
蕊,21
蕩,59
蕭,14
蕴,41
蕾,221
薄,792
薇,194
薔,20
薙,10
薛,44
薦,94
薩,185
薪,2009
薫,27
薬,2066
薯,124
薰,16
藁,15
藉,124
藍,61
藏,1275
藐,84
藝,65
藤,372
藥,100
藩,20
藪,13
藻,69
蘇,198
蘋,14
蘑,37
蘭,237
蘿,10
虎,414
虏,52
虐,2087
虑,11894
虔,96
處,304
虚,1427
虛,51
虜,207
虞,23
號,213
虧,89
虫,1037
虱,31
虹,96
虽,4182
虾,104
蚀,192
蚁,75
蚂,39
蚊,184
蚕,23
蚚,18
蚤,24
蛁,25
蛇,373
蛊,16
蛋,2161
蛍,39
蛎,17
蛙,89
蛛,135
蛤,87
蛮,387
蛸,11
蛹,10
蛾,43
蜂,358
蜃,16
蜆,10
蜊,10
蜒,10
蜗,34
蜘,125
蜚,15
蜜,398
蜡,152
蜥,31
蜴,27
蜻,10
蝇,83
蝋,14
蝎,34
蝕,46
蝗,20
蝙,61
蝠,63
蝦,13
蝴,64
蝶,133
蝿,22
螂,34
螃,18
融,7662
螖,12
螟,14
螠,12
螤,11
螯,11
螳,23
螺,96
蟀,11
蟋,10
蟑,26
蟒,15
蟲,27
蟹,59
蟺,76
蟻,125
蟼,68
蟽,98
蟿,137
蠀,58
蠁,14
蠂,27
蠅,68
蠈,34
蠉,29
蠋,21
蠕,22
蠟,16
蠢,684
蠣,13
蠻,15
血,4785
衄,23
衅,136
衆,559
行,192825
衍,134
術,2227
衔,126
街,2745
衙,12
衛,897
衝,423
衡,3047
衣,1941
补,9488
表,64243
衫,125
衬,123
衰,563
衷,404
袁,11
袈,10
袋,1118
袍,61
袒,67
袖,670
袜,69
被,28323
袭,1818
袱,16
裁,13024
裂,1544
装,11715
裆,10
裏,1796
裔,1633
裕,584
裘,37
裙,132
補,817
裝,128
裟,10
裡,1291
裤,357
裨,114
裳,11
裴,25
裸,353
裹,113
製,723
褄,15
複,747
褐,43
褒,137
褓,18
褥,28
褪,18
褫,22
褲,28
襄,13
襟,36
襪,11
襯,13
襲,1118
西,25903
要,132597
覆,1333
覇,21
見,36506
規,1178
視,2558
覗,103
覚,3761
覧,307
親,6478
覲,11
観,1044
覺,630
觀,93
见,28100
观,10527
规,40807
觅,25
视,17369
览,686
觉,6080
觊,13
觎,14
觐,16
角,3819
解,37518
触,3490
觸,28
言,63209
訂,72
計,3957
訊,202
討,385
訓,1174
託,227
記,4000
訛,48
訝,16
訟,133
訣,25
訪,725
設,3166
許,4382
訳,1629
訴,1143
診,460
証,5007
詈,12
詐,232
評,801
詛,25
詞,163
詠,17
詢,29
試,2346
詩,322
詫,78
詭,11
詮,96
詰,601
話,23067
該,713
詳,929
詹,367
誇,492
誉,1263
誊,15
誌,252
認,4211
誓,2165
誕,587
誘,1267
語,3810
誠,902
誣,14
誤,1024
誦,236
誨,44
說,3562
説,2857
読,2849
誰,16598
課,466
誹,17
誼,13
調,4760
談,1731
請,1102
諒,54
論,2200
諜,173
諦,342
諭,30
諮,13
諱,20
諷,11
諸,790
諺,11
諾,167
謀,646
謁,18
謂,30
謊,110
謎,297
謗,27
謙,159
講,292
謝,3185
謠,39
謡,13
謬,37
謹,135
證,202
識,1915
譜,51
警,17199
譬,193
譯,19
議,2651
譲,154
譴,39
護,3183
譽,15
讀,138
讃,556
變,435
讐,266
讓,969
讚,103
计,38311
订,13062
认,35864
讥,10
讨,14002
让,16698
讪,19
训,11315
议,175224
讯,1702
记,14547
讲,5201
讳,58
讶,211
讷,21
许,16938
讹,22
论,29202
讼,2120
讽,198
设,31672
访,3678
诀,98
证,18820
诂,12
评,14858
诅,103
识,14530
诈,588
诉,16201
诊,732
诋,94
词,2485
译,1379
试,5809
诗,319
诘,21
诚,1318
诛,11
话,15162
诞,573
诠,46
诡,116
询,7869
该,49097
详,3198
诧,20
诫,116
诬,43
语,9638
误,2293
诱,446
诲,54
说,44905
诵,62
诶,34
请,30355
诸,2434
诺,9479
读,1737
诽,168
课,2411
谁,5484
调,35781
谅,1512
谈,11215
谊,195
谋,2003
谍,145
谎,733
谐,298
谓,1133
谕,23
谙,12
谚,15
谛,10
谜,82
谟,88
谢,11787
谣,106
谤,173
谦,80
谨,2580
谩,12
谬,179
谭,38
谱,177
谴,1380
谷,1204
豁,950
豆,423
豊,246
豌,11
豐,18
豖,259
豚,333
象,8356
豪,631
豫,124
豬,49
豹,121
貌,383
貓,44
貝,179
貞,136
負,1984
財,1009
貢,119
貧,512
貨,315
販,202
貪,125
貫,129
責,1679
貯,167
貰,713
貴,2745
貶,16
買,2432
貸,1021
費,755
貼,135
貿,118
賀,87
賂,66
賃,162
賄,77
資,1428
賈,20
賊,173
賑,21
賓,72
賛,519
賜,341
賞,649
賠,39
賢,738
賣,98
賤,47
賦,44
質,2827
賬,20
賭,469
賴,37
賸,38
賺,37
購,208
賽,138
贄,63
贅,58
贈,422
贊,24
贋,12
贏,80
贖,58
贝,4360
贞,67
负,10499
贡,3444
财,12230
责,19342
贤,60
败,3123
账,2178
货,5836
质,10896
贩,4448
贪,304
贫,8014
贬,260
购,4167
贮,70
贯,1390
贱,255
贴,2124
贵,1637
贷,2343
贸,13032
费,17390
贺,1103
贼,160
贾,840
贿,179
赁,268
赂,133
赃,39
资,49457
赈,24
赊,15
赋,1362
赌,567
赎,130
赏,2823
赐,310
赔,6660
赖,1639
赘,33
赚,436
赛,2192
赞,8560
赠,851
赡,69
赢,1080
赣,42
赤,2824
赦,1494
赫,1940
走,11871
赴,192
赵,65
赶,1114
起,33731
赽,34
趁,149
超,5114
越,8107
趋,2185
趕,102
趙,12
趟,153
趣,2404
趨,12
足,11452
趴,197
趾,52
跃,352
跋,27
跌,338
跑,1691
跚,13
跛,17
距,2086
跟,7832
跡,1710
跤,40
跨,2970
跪,166
路,9504
跳,1396
践,1059
跷,15
跺,21
跻,11
踊,507
踌,15
踏,775
踐,20
踝,32
踞,14
踢,240
踩,103
踪,2330
踵,65
踹,10
蹂,76
蹄,37
蹈,177
蹊,16
蹋,24
蹒,13
蹟,266
蹤,53
蹦,30
蹭,26
蹲,82
蹴,231
蹶,10
躁,84
躇,63
躊,51
躍,147
躏,66
躓,15
躙,13
身,15617
躬,62
躯,39
躲,447
躺,276
躾,18
車,6543
軌,201
軍,3285
軒,87
軟,93
転,2282
軸,72
軽,602
較,198
載,430
輔,12
輕,132
輛,46
輝,349
輩,130
輪,581
輯,13
輸,424
轄,83
轉,151
轟,34
轢,51
车,7324
轧,15
轨,704
转,11397
轮,1500
软,1135
轰,368
轴,127
轻,4609
载,7597
轿,55
较,4894
辅,963
辆,1447
辈,397
辉,99
辍,191
辐,444
辑,859
输,3901
辖,2253
辗,14
辙,52
辛,1211
辜,584
辞,1709
辟,190
辣,183
辦,195
辨,272
辩,3908
辫,10
辭,66
辯,42
辰,129
辱,1601
農,475
边,11359
辺,733
辻,19
込,4321
辽,53
达,24892
辿,136
迁,864
迂,64
迄,1311
迅,2282
过,66032
迈,1478
迎,8594
运,18300
近,15496
返,8025
还,43661
这,164083
进,83929
远,5099
违,6167
连,3306
迟,2437
迥,19
迦,56
迪,5808
迫,5100
迭,97
述,12705
迴,12
迷,2543
迹,1311
追,6912
退,4917
送,8250
适,16478
逃,5884
逆,1609
选,16135
逊,465
逍,123
透,3378
逐,3495
递,1443
途,3707
逗,249
這,5856
通,54699
逛,84
逝,274
逞,64
速,6849
造,15487
逢,176
連,7724
逮,2605
週,2554
進,2988
逸,202
逻,587
逼,483
逾,204
遁,17
遂,568
遅,2204
遇,4441
遊,1013
運,4147
遍,3991
過,6218
遏,414
道,44311
達,11645
違,9453
遗,3776
遙,42
遛,13
遜,45
遠,2714
遡,24
遣,3476
遥,689
適,1305
遭,5024
遮,269
遲,69
遴,64
遵,5708
遷,45
選,4507
遺,1501
遼,10
避,4819
邀,2799
邁,27
邃,10
還,1989
邊,314
邋,10
邑,17
邓,102
那,42726
邦,5333
邪,1660
邮,1068
邱,26
邸,120
邻,1521
郁,141
郊,209
郎,1763
郑,135
郝,13
郡,199
部,74017
郭,56
郵,189
郷,235
都,33934
鄉,42
鄙,125
鄰,26
酊,13
酋,677
酌,1769
配,11109
酐,12
酒,3224
酔,623
酗,86
酚,45
酝,42
酢,12
酥,25
酩,10
酪,136
酬,1675
酮,91
酯,22
酰,11
酱,155
酵,41
酶,31
酷,3591
酸,711
酿,76
醇,100
醉,1077
醋,65
醒,1869
醚,199
醜,220
醫,308
醬,13
醴,21
醸,20
醺,12
采,27642
釈,570
释,4901
釋,131
里,36636
重,62608
野,3736
量,17026
金,42949
釘,78
釜,57
針,263
釣,324
鈍,133
鈴,60
鉄,575
鉛,80
鉢,33
鉤,11
鉱,135
鉴,3149
銀,1029
銃,2692
銅,82
銘,152
銭,94
銷,19
鋪,10
鋭,156
鋳,14
鋼,144
錄,108
錆,27
錠,308
錢,321
錦,24
錨,10
錬,24
錯,515
録,1713
鍋,56
鍔,20
鍛,119
鍵,1023
鎌,10
鎖,625
鎘,17
鎧,46
鎮,290
鏈,20
鏡,394
鐘,153
鐵,83
鑑,222
鑒,16
鑰,32
鑽,30
鑿,13
针,5541
钉,125
钓,126
钚,62
钛,16
钝,46
钞,87
钟,1803
钠,13
钡,19
钢,271
钥,371
钦,144
钩,374
钮,128
钱,5150
钳,18
钴,51
钵,13
钻,967
钾,22
铀,240
铁,907
铂,10
铃,173
铅,159
铆,17
铎,26
铐,83
铛,17
铜,129
铝,39
铬,21
铭,848
铲,265
银,5580
铸,58
铺,297
链,625
销,3678
锁,1008
锂,18
锄,10
锅,101
锆,12
锈,39
锋,145
锌,36
锐,134
错,5789
锚,19
锡,220
锢,10
锣,17
锤,42
锥,74
锦,77
键,3751
锯,62
锰,40
锻,68
镀,14
镇,1390
镉,14
镍,58
镑,252
镖,40
镜,540
镣,10
镯,21
镰,16
镶,15
長,6816
长,46390
門,1317
閃,85
閉,1764
開,6275
閑,27
閒,16
間,24243
関,6880
閣,387
閥,50
閱,10
閲,45
闆,16
闇,561
闊,22
闖,15
闘,966
關,466
闡,37
门,19914
闪,310
闭,2482
问,70506
闯,174
闰,10
闲,316
间,47931
闷,96
闸,38
闹,325
闺,29
闻,4332
闽,28
阀,92
阁,2059
阂,14
阅,1020
阈,21
阉,20
阐,1526
阑,19
阔,171
队,13440
阪,89
阮,17
阱,105
防,15953
阳,959
阴,617
阵,1074
阶,4387
阻,3011
阿,23703
陀,411
附,13003
际,61772
陆,2768
陈,1239
陋,96
陌,179
降,7244
限,15169
陛,853
陡,20
院,14903
陣,153
除,22096
陥,357
陨,22
险,8868
陪,1168
陰,565
陳,81
陵,89
陶,916
陷,1413
陸,725
険,2430
陽,769
隅,116
隆,2949
隈,17
隊,2509
階,1428
随,5709
隐,912
隔,1624
隕,32
隘,90
隙,126
際,1787
障,7217
隠,2828
隣,531
隧,103
隨,153
險,94
隱,90
隶,491
隷,420
隸,16
隻,191
隼,12
难,16065
雀,106
雁,24
雄,1287
雅,1156
集,16417
雇,4046
雌,223
雏,29
雑,709
雕,152
雖,89
雙,72
雜,57
雞,62
離,4004
難,3385
雨,1898
雪,962
雯,13
雰,73
雲,303
雳,13
零,1233
雷,6828
雹,21
電,6964
雾,159
需,30756
霆,13
震,1207
霉,115
霊,643
霍,761
霜,99
霞,53
霧,90
露,1827
霸,160
霹,21
霾,10
靈,168
青,4504
靓,20
靖,22
静,3133
靜,128
非,50002
靠,2860
靡,53
面,64329
革,7424
靭,14
靴,602
靶,41
靼,11
鞄,72
鞋,423
鞍,34
鞑,11
鞘,12
鞠,57
鞭,183
韋,20
韓,95
韦,1278
韧,35
韩,1575
音,4871
韵,45
韻,16
響,746
頁,30
頂,858
頃,1232
項,359
順,931
須,234
頌,116
預,817
頑,885
頓,155
頗,10
領,1858
頬,71
頭,3724
頸,32
頻,63
頼,4472
顆,37
題,4873
額,464
顎,69
顏,26
顔,2525
顕,48
願,4254
類,1708
顧,351
顯,166
页,3083
顶,736
顷,163
项,58271
顺,1702
须,20902
顽,161
顾,8380
顿,2935
颁,1588
颂,163
预,24530
颅,23
领,30699
颇,217
颈,126
颊,26
颌,12
颐,11
频,835
颓,16
颖,57
颗,383
题,69328
颚,13
颜,230
额,14532
颠,1196
颤,51
風,1672
飄,16
风,5355
飓,183
飘,111
飙,57
飛,3003
飞,4168
食,12289
飢,190
飯,393
飲,3035
飴,21
飼,268
飽,159
飾,420
餅,34
養,697
餌,159
餐,1341
餓,94
餘,31
館,770
饒,85
饥,701
饪,37
饭,1018
饮,875
饰,246
饱,220
饲,98
饵,55
饶,177
饼,320
饿,917
馁,15
馅,62
馆,1803
馈,269
馏,15
馑,24
首,13825
香,1532
馨,19
馬,2351
馳,31
馴,106
駁,12
駄,1333
駅,415
駆,404
駐,301
駒,49
駕,30
駛,10
駝,37
駱,13
駿,14
騎,260
騒,581
験,1885
騙,470
騰,72
騷,15
驅,29
驕,24
驗,112
驚,1379
马,19683
驭,39
驯,63
驰,102
驱,1713
驳,648
驴,84
驶,364
驹,23
驻,5489
驼,89
驾,508
骂,175
骄,229
骆,69
骇,50
骋,11
验,6587
骏,10
骑,449
骗,826
骚,698
骡,18
骤,2546
骨,1812
骰,22
骷,20
骸,156
骼,34
髄,65
髅,18
髒,15
髓,66
體,225
高,36569
髦,32
髪,898
髭,64
髮,61
鬆,59
鬥,77
鬧,37
鬱,59
鬼,1829
魁,132
魂,1232
魄,33
魅,510
魇,16
魏,149
魔,4354
魚,587
魯,89
鮑,28
鮮,303
鯉,11
鯨,51
鰐,12
鱗,10
鱼,1905
鱿,35
鲁,5104
鲈,11
鲍,350
鲑,25
鲜,1584
鲨,162
鲷,16
鲸,156
鳄,41
鳍,40
鳏,28
鳕,23
鳞,12
鳟,11
鳥,796
鳩,29
鳴,633
鴉,16
鴨,10
鵝,10
鶏,114
鶴,14
鷲,15
鷹,62
鸞,14
鸟,475
鸡,631
鸣,103
鸥,19
鸦,251
鸭,84
鸵,10
鸽,65
鸿,229
鹅,127
鹉,36
鹏,23
鹤,26
鹦,40
鹰,158
鹸,30
鹿,1275
麒,15
麓,28
麗,493
麟,19
麥,155
麦,3192
麵,30
麺,19
麻,3279
麼,3903
麽,427
黃,72
黄,1039
黎,5392
黏,41
黑,4937
黒,1106
默,1287
黙,1648
黛,274
點,1123
黨,45
黯,25
鼎,35
鼓,7480
鼠,408
鼬,12
鼻,618
齊,35
齋,11
齐,1025
齡,19
齢,231
齿,173
龄,2332
龌,10
龍,107
龐,12
龙,854
龟,154
ꦣ,184
가,263066
각,21397
간,24235
갇,447
갈,8755
갉,40
감,12949
갑,2819
값,961
갓,190
갔,5175
강,5422
갖,3298
같,26525
갚,311
갛,22
개,11136
객,881
갠,29
갤,207
갯,45
갱,207
갸,30
걀,94
걍,44
걔,2114
걘,373
걜,92
거,118071
걱,2882
건,34390
걷,595
걸,24091
검,3306
겁,6443
것,65284
겄,86
겉,98
게,134112
겐,1436
겔,103
겟,211
겠,37270
겨,5276
격,5000
겪,569
견,3698
결,12600
겸,402
겹,199
겼,2489
경,17002
곁,560
계,21409
고,205636
곡,1052
곤,2591
곧,2454
골,2165
곪,19
곯,12
곰,251
곱,795
곳,8109
공,12306
과,34706
곽,110
관,15269
괄,74
광,2813
괘,39
괜,10820
괴,2291
굉,641
교,7776
구,44675
국,9350
군,21147
굳,353
굴,3813
굵,25
굶,288
굼,43
굽,258
굿,148
궁,1531
궂,64
궈,66
권,3973
궐,46
궜,23
궤,189
귀,4398
귄,133
귈,41
귓,21
규,1233
균,452
귤,16
그,277513
극,1342
근,7534
글,3903
긁,140
금,22307
급,3282
긋,219
긍,180
기,115380
긴,7391
길,14165
김,573
깁,218
깃,303
깄,300
깅,52
깊,847
까,39724
깍,86
깎,95
깐,4874
깔,546
깜,650
깝,352
깟,31
깡,120
깥,207
깨,2974
깬,57
깰,53
깼,103
깽,36
꺄,48
꺼,4275
꺽,40
꺾,111
껀,101
껄,220
껌,75
껍,195
껏,359
껐,38
껑,51
께,18706
껜,11
껴,990
꼈,330
꼐,40
꼬,1618
꼭,1789
꼰,26
꼴,752
꼼,300
꼽,105
꽁,115
꽂,183
꽃,634
꽈,14
꽉,451
꽐,13
꽝,69
꽤,1062
꽥,48
꾀,54
꾸,3105
꾹,39
꾼,742
꿀,517
꿇,230
꿈,1807
꿉,43
꿋,21
꿍,78
꿔,577
꿨,323
꿩,10
꿰,136
뀌,487
뀐,95
뀔,107
끄,1322
끈,416
끊,1029
끌,1494
끓,216
끔,2195
끕,13
끗,500
끙,13
끝,6115
끼,4193
끽,95
낀,216
낄,371
낌,748
낍,14
낑,22
나,168384
낙,813
낚,205
난,29884
날,18844
낡,89
남,14354
납,974
낫,794
났,5934
낭,1249
낮,1357
낯,199
낱,56
낳,522
내,79420
낵,12
낸,1787
낼,2261
냄,1071
냅,291
냇,38
냈,3439
냉,412
냐,11530
냔,41
냠,10
냥,9832
너,51099
넉,54
넋,21
넌,7898
널,4776
넓,367
넘,2686
넛,115
넜,16
넣,2011
네,55672
넥,144
넨,793
넬,631
넵,57
넷,892
녀,12749
녁,1345
년,8085
녈,73
념,722
녔,424
녕,4849
녘,40
녜,543
노,20563
녹,738
논,1196
놀,3363
놈,6657
농,1555
높,1608
놓,3590
놔,2204
놨,965
뇌,1207
뇨,10877
뇰,10
뇽,36
누,17228
눅,42
눈,4209
눌,383
눔,19
눕,145
눠,250
눴,87
뉘,70
뉴,1543
뉼,12
늄,64
느,12736
늑,328
는,248344
늘,11332
늙,599
늠,16
능,6585
늦,1582
늪,31
늬,68
니,169069
닉,1010
닌,3331
닐,1170
님,55435
닙,1205
닛,79
닝,337
다,218821
닥,5836
닦,261
단,16537
닫,1086
달,9950
닭,273
닮,334
닳,37
담,4392
답,4381
닷,103
당,41508
닻,13
닿,221
대,61460
댁,407
댄,480
댈,130
댐,55
댑,25
댓,147
댔,429
댕,108
댜,19
더,32139
덕,1171
던,17010
덜,535
덟,124
덤,669
덥,91
덧,108
덩,1008
덫,82
덮,660
데,54456
덱,105
덴,386
델,759
뎀,48
뎁,92
뎃,20
뎅,48
뎌,168
뎠,16
도,126256
독,3433
돈,4116
돋,128
돌,12640
돔,155
돕,718
돗,17
동,19811
돛,50
돠,10
돼,14940
됀,18
됏,13
됐,9633
되,34397
된,11348
될,8563
됨,696
됩,1572
됫,28
됬,415
두,24963
둑,481
둔,563
둘,6103
둠,502
둡,130
둣,10
둥,886
둬,1414
뒀,639
뒈,61
뒤,3922
뒷,446
뒹,41
듀,304
듈,162
듐,17
드,28037
득,1350
든,27512
듣,2773
들,156491
듬,226
듭,232
듯,1971
등,2964
디,17298
딕,229
딘,899
딛,45
딜,823
딤,11
딥,28
딧,33
딨,1325
딩,746
딪,204
따,8165
딱,1361
딴,644
딸,2461
땀,156
땄,51
땅,1750
땋,26
때,30542
땐,989
땔,25
땜,163
땠,389
땡,181
떄,64
떠,5786
떡,792
떤,5933
떨,3133
떳,33
떴,85
떵,12
떻,10419
떼,761
뗄,41
뗏,27
뗐,31
또,8337
똑,2610
똘,70
똥,663
똬,23
뚜,240
뚝,119
뚤,37
뚫,372
뚱,504
뛰,1601
뛴,26
뛸,61
뜁,12
뜨,1820
뜩,186
뜬,90
뜯,199
뜰,135
뜸,50
뜻,2955
띄,247
띈,17
띔,12
띠,108
띤,17
띨,12
라,148318
락,5158
란,8082
랄,1302
람,27034
랍,1199
랏,20
랐,2743
랑,18141
랗,73
래,38247
랙,760
랜,2184
랠,50
램,1332
랩,198
랫,579
랬,4218
랭,884
랴,128
략,468
량,1313
러,44425
럭,727
런,18688
럴,4277
럼,15360
럽,2620
럿,136
렀,1598
렁,382
렇,18718
레,14081
렉,2182
렌,1737
렐,264
렘,169
렙,67
렛,321
렝,54
려,40895
력,7342
련,2419
렬,408
렴,1243
렵,912
렷,72
렸,6663
령,4985
례,2363
로,126166
록,10741
론,5483
롤,995
롬,410
롭,1578
롯,451
롱,886
롸,13
뢰,644
료,4632
룡,197
루,7736
룩,368
룬,176
룰,277
룸,313
룹,510
룻,254
룽,22
뤄,301
뤘,66
뤼,43
류,3527
륙,464
륜,71
률,421
륨,130
륭,1469
르,24108
륵,105
른,14130
를,102051
름,8774
릅,420
릇,371
릉,96
릎,369
리,144208
릭,2064
린,13744
릴,8589
림,3250
립,2345
릿,797
링,1162
마,58938
막,6194
만,75879
많,8502
맏,36
말,78352
맑,71
맘,1187
맙,3125
맛,1878
망,9131
맞,9120
맡,1731
맣,32
매,9753
맥,2494
맨,1486
맬,38
맴,68
맵,70
맷,175
맸,35
맹,2310
맺,294
머,9986
먹,8734
먼,3469
멀,1976
멈,1912
멋,2486
멍,2042
멎,39
메,7726
멕,333
멘,531
멜,644
멤,160
멧,118
멩,27
며,17126
멱,15
면,62207
멸,1839
몄,83
명,18783
몇,4843
모,42101
목,7135
몫,381
몬,1144
몰,6442
몸,2198
몹,114
못,21908
몽,757
뫼,10
묘,438
무,45714
묵,374
묶,503
문,22343
묻,1454
물,18623
묽,27
뭄,46
뭇,171
뭉,223
뭍,24
뭐,20236
뭔,5195
뭘,4693
뭡,150
뭣,191
뮌,12
뮐,13
뮤,239
뮬,130
뮴,13
므,1284
믄,144
믈,41
미,26993
믹,121
민,3072
믿,12331
밀,3800
밈,153
밉,16
밋,221
밌,1074
밍,351
및,268
밑,957
바,23770
박,5273
밖,3570
반,9528
받,13123
발,14248
밝,1236
밟,361
밤,5043
밥,958
밧,157
방,17493
밭,157
배,12387
백,7705
밴,520
밸,86
뱀,305
뱃,162
뱅,209
뱉,110
버,19910
벅,215
번,13449
벌,7546
범,3501
법,7135
벗,1880
벙,188
베,7427
벡,96
벤,1004
벨,1122
벰,11
벳,112
벵,65
벼,407
벽,2334
변,5422
별,4842
볍,118
볐,12
병,5757
볕,41
보,67320
복,9194
볶,28
본,6210
볼,6028
봄,131
봅,464
봇,262
봉,1364
봐,20369
봤,6366
봬,44
뵀,15
뵈,141
뵌,23
뵐,53
뵙,247
부,41654
북,1250
분,32859
불,17046
붉,175
붐,53
붓,123
붕,421
붙,2021
뷔,37
뷰,389
뷸,55
브,6866
븐,651
블,3008
븨,13
비,26229
빅,437
빈,1825
빌,2441
빔,85
빕,76
빗,388
빙,343
빚,416
빛,1554
빠,10187
빡,293
빤,280
빨,4544
빰,15
빳,15
빴,120
빵,445
빼,1723
빽,27
뺀,39
뺄,39
뺏,383
뺐,50
뺑,27
뺨,46
뻐,1003
뻑,41
뻔,844
뻗,131
뻘,28
뻣,34
뻤,88
뻥,68
뼈,622
뼉,13
뼛,27
뽀,160
뽐,27
뽑,480
뽕,86
뾰,44
뿅,33
뿌,432
뿍,10
뿐,5556
뿔,156
뿜,50
뿡,12
쁘,1747
쁜,2252
쁠,147
쁨,408
쁩,55
삐,199
삑,14
사,97875
삭,1130
산,7610
살,15954
삶,1817
삼,2053
삽,375
삿,33
샀,272
상,37997
샅,112
새,8947
색,3831
샌,474
샐,167
샘,825
샛,25
샜,17
생,35447
샤,1321
샨,37
샬,131
샴,119
샵,34
샷,107
샹,72
섀,50
서,117305
석,4098
섞,239
선,24380
섣,19
설,7056
섬,1241
섭,627
섯,820
섰,209
성,22530
세,37208
섹,1309
센,1143
셀,560
셈,377
셉,485
셋,897
셌,23
셔,4114
션,1867
셜,542
셧,31
셨,11021
셰,661
셴,38
셸,223
소,30088
속,15337
손,8381
솔,1384
솜,162
솟,145
송,4659
솥,13
솨,13
쇄,723
쇠,946
쇳,24
쇼,1356
숀,94
숄,15
숍,125
숏,15
수,62398
숙,2240
순,6194
숟,26
술,9762
숨,4039
숫,458
숭,1543
숯,16
숱,19
숲,479
숴,104
쉈,26
쉐,618
쉘,167
쉬,2828
쉰,48
쉴,325
쉼,22
쉽,1120
쉿,166
슈,1208
슌,20
슐,93
슘,56
슛,11
스,60330
슥,20
슨,12589
슬,3903
슴,937
습,27255
슷,500
승,2973
시,93014
식,14765
신,65166
싣,83
실,34133
싫,4046
심,18450
십,4475
싯,28
싱,744
싶,11340
싸,4123
싹,202
싼,272
쌀,193
쌈,33
쌌,73
쌍,857
쌓,254
쌔,39
쌤,83
쌩,30
썅,106
써,3852
썩,312
썬,79
썰,83
썸,33
썹,75
썻,22
썼,666
썽,87
쎄,1117
쎈,25
쏘,633
쏙,46
쏜,235
쏟,215
쏠,220
쏴,495
쐈,262
쐐,13
쐬,47
쑈,11
쑤,140
쑥,97
쓰,4497
쓱,13
쓴,541
쓸,1490
씀,5459
씁,67
씌,202
씨,7908
씩,936
씬,984
씰,39
씹,167
씻,324
씽,10
아,233897
악,7481
안,61362
앉,2457
않,31250
알,43363
앎,16
앓,84
암,2791
압,1852
앗,776
았,24882
앙,2296
앞,3864
애,11034
액,1366
앤,1011
앨,1128
앰,155
앱,52
앳,18
앴,28
앵,89
야,109897
약,13122
얀,338
얄,57
얇,47
얌,167
얏,14
양,8189
얕,61
얗,62
얘,10092
얜,152
얠,18
얭,136
어,249645
억,4495
언,9181
얹,57
얻,2208
얼,8022
얽,63
엄,11184
업,4782
없,46466
엇,2646
었,49822
엉,1130
엊,20
엌,173
엎,478
에,216458
엑,347
엔,6221
엘,2892
엠,455
엡,15
엣,106
엥,34
여,67909
역,7276
엮,105
연,11789
열,7134
염,2256
엽,501
엾,56
엿,502
였,16392
영,11271
옅,11
옆,1094
예,24224
옌,43
옐,55
옘,14
옙,34
옛,880
오,47042
옥,3633
온,7388
올,8870
옮,766
옳,1159
옴,94
옵,1282
옷,1740
옹,235
와,32007
왁,44
완,4957
왈,174
왑,17
왓,240
왔,10776
왕,3349
왜,13467
왠,201
외,7401
왼,757
요,265129
욕,2344
욘,141
욜,24
욥,20
용,15805
우,58532
욱,518
운,18111
울,5931
움,6169
웁,92
웃,2538
웅,850
워,16070
웍,17
원,23266
월,3034
웜,31
웠,2573
웨,1689
웩,38
웬,799
웰,263
웹,340
위,29214
윅,59
윈,874
윌,855
윗,423
윙,115
유,17050
육,1449
윤,178
율,704
융,172
으,73492
윽,135
은,143629
을,211476
읊,32
음,25270
읍,197
응,5376
의,115945
이,459044
익,1730
인,58296
일,62965
읽,1901
잃,2340
임,7865
입,19030
잇,281
있,119056
잉,509
잊,1952
잌,55
잎,233
자,113087
작,12679
잔,2703
잖,21066
잘,17725
잠,8185
잡,6627
잣,71
잤,528
장,33074
잦,27
재,11547
잭,882
잰,32
잼,51
잽,56
잿,40
쟀,24
쟁,3234
쟈,84
쟎,36
쟝,15
쟤,1009
쟨,123
쟬,12
저,39416
적,21017
전,48581
절,9028
젊,711
점,5141
접,3554
젓,46
정,44851
젖,404
제,55538
젝,381
젠,3917
젤,595
젬,83
젯,748
져,9774
젼,53
졌,5607
조,21833
족,5492
존,3971
졸,856
좀,16359
좁,198
좃,10
종,8266
좆,390
좇,22
좋,26940
좌,1190
죄,7845
죗,19
죠,40814
주,56258
죽,17695
준,7666
줄,14427
줌,595
줍,376
줏,25
중,21152
줘,9269
줬,3271
쥐,818
쥔,24
쥘,10
쥬,170
쥴,82
즈,3402
즉,633
즌,125
즐,1686
즘,767
즙,35
증,7842
지,244767
직,13526
진,29107
질,9952
짊,108
짐,1630
집,12652
짓,6523
징,1064
짖,125
짙,59
짚,122
짜,6430
짝,1151
짠,106
짢,33
짤,166
짧,312
짬,27
짭,64
짰,19
짱,301
째,2828
짼,16
쨋,133
쨌,950
쨍,16
쩌,1890
쩍,176
쩐,150
쩔,668
쩜,107
쩝,11
쩡,340
쩨,25
쪄,35
쪘,26
쪼,264
쪽,6787
쫄,142
쫌,108
쫑,25
쫒,126
쫓,1165
쫙,42
쬐,35
쭈,58
쭉,185
쭐,38
쭤,102
쯔,13
쯤,1155
쯧,12
찌,1042
찍,2781
찐,67
찔,261
찜,60
찝,21
찡,30
찢,333
차,11246
착,3214
찬,2524
찮,11030
찰,3726
참,4945
찹,13
찻,19
찼,187
창,5079
찾,10527
채,2628
책,3887
챈,125
챌,45
챔,165
챕,25
챘,113
챙,689
챠,28
챤,27
챨,23
처,14457
척,1913
천,7937
철,1314
첨,309
첩,219
첫,1702
청,5946
체,9206
첸,146
첼,491
쳇,86
쳐,5309
쳤,2740
초,4636
촉,530
촌,1022
촐,19
촘,14
촛,79
총,3745
촬,378
최,5892
쵸,149
추,7097
축,3347
춘,456
출,6108
춤,805
춥,142
충,5923
춰,1444
췄,336
췌,77
취,2884
츄,68
츠,1384
측,979
층,1091
치,23778
칙,965
친,11560
칠,2403
침,5497
칩,241
칫,122
칭,442
카,8683
칵,59
칸,516
칼,1613
캄,100
캇,213
캉,47
캐,1696
캑,21
캔,431
캘,511
캠,817
캡,351
캣,280
캤,13
캥,16
캬,18
커,3754
컥,37
컨,727
컬,419
컴,630
컵,232
컷,360
컸,219
컹,25
케,6378
켄,254
켈,259
켑,11
켓,521
켜,4787
켤,28
켬,10
켰,1083
코,6659
콕,93
콘,894
콜,1409
콤,347
콥,232
콧,291
콩,567
콰,47
콱,24
콴,27
쾅,36
쾌,306
쾡,10
쾨,14
쿄,69
쿠,1240
쿡,44
쿤,36
쿨,178
쿰,19
쿵,108
쿼,78
퀀,25
퀘,71
퀴,335
퀵,10
퀸,287
퀼,112
큐,327
큘,10
크,14655
큰,3341
클,3694
큼,1667
큽,35
킁,22
키,9494
킥,37
킨,1049
킬,1292
킴,458
킵,128
킷,170
킹,858
타,12248
탁,2483
탄,3097
탈,1978
탉,38
탐,881
탑,334
탓,410
탔,246
탕,671
태,6167
택,4331
탠,278
탤,33
탬,47
탭,265
탯,28
탱,267
터,22143
턱,224
턴,1994
털,858
텀,62
텁,15
텅,83
테,18059
텍,660
텐,2548
텔,999
템,1142
텝,54
텡,11
텨,156
텼,35
토,5556
톡,103
톤,659
톨,273
톰,442
톱,581
통,9240
퇴,1012
투,3639
툭,44
툰,35
툴,121
툼,72
퉁,101
퉜,13
튀,383
튄,12
튈,12
튕,44
튜,577
튤,17
튬,54
트,20954
특,2302
튼,1467
틀,2786
틈,182
티,6891
틱,395
틴,906
틸,319
팀,1945
팁,123
팅,653
파,14164
팍,124
팎,10
판,4820
팔,2604
팜,72
팝,198
팟,97
팠,137
팡,191
팥,12
패,2948
팩,161
팬,646
팰,29
팸,46
팻,68
팼,15
팽,146
퍼,4547
퍽,83
펀,134
펄,104
펌,90
펐,24
펑,107
페,2906
펙,40
펜,496
펠,399
펨,34
펩,13
펫,110
펭,171
펴,619
편,6769
펼,312
폈,74
평,3957
폐,1539
포,7304
폭,2917
폰,900
폴,1324
폼,201
퐁,29
표,4744
푸,1690
푹,148
푼,529
풀,2955
품,2239
풋,179
풍,1571
퓨,569
퓰,19
프,12810
픈,750
플,2793
픔,458
피,12273
픽,257
핀,595
필,11101
핌,27
핍,89
핏,125
핑,573
하,297757
학,6158
한,107297
할,46283
핥,38
함,14168
합,13426
핫,148
항,5831
해,115420
핵,412
핸,432
핼,10
햄,264
햇,186
했,52149
행,16302
햐,44
향,2964
허,3997
헉,30
헌,888
헐,213
험,4962
헛,740
헝,62
헤,2703
헥,81
헨,502
헬,828
헴,29
헵,11
헷,91
헹,17
혀,3702
혁,271
현,5399
혈,2531
혐,358
협,1722
혓,14
혔,869
형,7198
혜,4647
호,11530
혹,2800
혼,8084
홀,1194
홈,463
홉,230
홍,596
화,16134
확,7571
환,7016
활,2833
홧,13
황,4681
횃,24
회,9759
획,2039
횟,35
횡,122
효,1068
후,9069
훅,45
훈,1549
훌,1528
훑,40
훔,1124
훗,23
훤,51
훨,795
훼,63
휘,704
휙,14
휠,128
휩,68
휴,1496
휼,11
흉,775
흐,1065
흑,839
흔,1161
흘,965
흙,458
흠,533
흡,630
흥,1062
흩,172
희,30245
흰,526
흴,77
히,16700
힉,66
힌,774
힐,677
힘,4066
힙,96
힝,11
,14121
,35
,24
,12
,29
,1025
,21
,127
,10
,19
,13
,14
,16
,37
,13
,20
,20
,17
,19
,34
,16
,16
,15
,11
,163
,10
,70
,24
,68
,17
,10
,14
,18
,12
,10
,148
,11
,37
,151
,15
,24
,37
,51
,10
,13
,440
,264
,24
,11
,18
,15
,13
,15
,44
,11
,11
,22
,11
,96
,22
,20
,10
,11
,11
,11
,13
,16
,10
,20
,10
,151
,107
,13
,517
,18
,108
,350
,207
,305
,14
,14
,13
,381
,586
,14
,265
,14
,32
,16
,29
,14
,115
,130
,10
,10
,117
,17
,11
,105
,38
,107
,61
,29
,30
,37
,24
,12
,13
,18
,10
,118
,12
,365
,11
,78
,21
,11
,152
,137
,11
,33
,12
,53
,11
,20
,52
,23
,13
,19
,11
,24
,45
,61
,52
,316
,83
,291
,140
,67
,10
,37
,41
,40
,1001
,57
,11
,69
,26
,10
,117
,10
,47
,11
,31
,23
,21
,15
,20
,13
,11
,15
,50
,37
,22
,62
,48
,14
,19
,26
,34
,75
,17
,12
,12
,21
,21
,218
,21
,11
,37
,25
,39
,33
,2100
,42
,145
,65
,20
,37
,20
,40
,41
,173
,455
,16
,139
,14
,41
,14
,13
,22
,47
,24
,20
,30
,55
,19
,40
,13
,44
,39
,51
,27
,17
,22
,192
,14
,17
,12
,12
,14
,445
,326
,63
,98
,106
,336
,29
,31
,38
,393
,17
,117
,149
,145
,301
,66
,43
,174
,210
,170
,140
,42
,13
,256
,258
,68
,142
,21
,29
,83
,74
,15
,495
,60
,17
,17
,229
,44
,18
,709
,159
,97
,289
,20
,70
,111
,39
,182
,65
,207
,13
,149
,40
,41
,26
,82
,15
,202
,12
,108
,148
,213
,571
,434
,417
,145
,244
,10
,20
,37
,435
,18
,16
,1584
,38
,16
,52
,31
,17
,13
,12
,17
,14
,16
,10
,11
,164
,124
﨑,12
ﬁ,95
ﬂ,45
ײַ,36
ﬠ,24
אַ,91
אָ,83
פּ,13
פֿ,39
ﭗ,264
ﮊ,28
﴾,592
﴿,577
﷓,18
ﷲ,69876
ﷺ,1255
️,40
︺,20
︽,45
﹁,34
﹊,12
﹋,19
﹍,32
﹐,30
﹑,40
﹒,33
﹗,20
﹚,61
﹛,15
﹝,98
﹣,91
ﺀ,24
ﺂ,209
ﺃ,168
ﺄ,12
ﺅ,55
ﺇ,45
ﺉ,2629
ﺋ,14
ﺍ,258
ﺎ,337
ﺐ,22
ﺑ,73
ﺒ,55
ﺓ,28
ﺔ,62
ﺕ,13
ﺖ,48
ﺗ,73
ﺘ,78
ﺚ,796
ﺛ,1743
ﺜ,16
ﺝ,10
ﺟ,45
ﺠ,24
ﺣ,49
ﺤ,47
ﺦ,134
ﺧ,27
ﺨ,15
ﺩ,34
ﺪ,98
ﺫ,31
ﺬ,43
ﺭ,64
ﺮ,156
ﺯ,9
ﺰ,23
ﺳ,51
ﺴ,45
ﺷ,28
ﺸ,18
ﺻ,19
ﺼ,15
ﻀ,15
ﻄ,14
ﻆ,186
ﻇ,5349
ﻈ,17
ﻊ,14
ﻋ,82
ﻌ,66
ﻎ,72
ﻏ,13
ﻑ,11
ﻒ,11
ﻓ,58
ﻔ,34
ﻗ,40
ﻘ,54
ﻙ,16
ﻚ,49
ﻛ,62
ﻜ,62
ﻝ,16
ﻞ,61
ﻟ,263
ﻠ,78
ﻡ,16
ﻢ,40
ﻣ,164
ﻤ,64
ﻥ,62
ﻦ,77
ﻧ,148
ﻨ,113
ﻪ,29
ﻫ,219
ﻬ,39
ﻭ,75
ﻮ,104
ﻰ,29
ﻱ,24
ﻲ,89
ﻳ,91
ﻴ,159
ﻵ,12
ﻷ,36
ﻹ,19
ﻻ,22928
ﻼ,27
﻿,2423
！,74651
＃,61
＄,18
％,5544
＆,137
（,86066
）,86286
＊,366
＋,48
，,782053
－,3446
．,10715
／,273
０,4018
１,7951
２,6258
３,3602
４,1806
５,2477
６,1479
７,1079
８,1173
９,996
：,46230
；,66164
＜,540
＝,214
＞,528
？,199868
＠,21
［,1113
＼,12
］,1099
＾,10
＿,69
｀,13
ａ,447
ｂ,305
ｃ,359
ｄ,310
ｅ,222
ｆ,203
ｇ,140
ｈ,65
ｉ,314
ｊ,105
ｋ,322
ｌ,120
ｍ,343
ｎ,204
ｏ,358
ｐ,206
ｑ,40
ｒ,200
ｓ,282
ｔ,254
ｕ,83
ｖ,145
ｗ,59
ｘ,79
ｙ,69
ｚ,21
～,530
｡,1071
｢,114
｣,110
､,81
･,3446
ｨ,48
ｪ,37
ｫ,15
ｭ,24
ｮ,367
ｯ,166
ｰ,144
ｱ,460
ｲ,212
ｳ,64
ｴ,302
ｵ,46
ｶ,27
ｷ,16
ｸ,89
ｹ,240
ｺ,189
ｼ,90
ｽ,59
ｾ,19
ｿ,19
ﾀ,235
ﾁ,500
ﾃ,48
ﾄ,280
ﾅ,299
ﾆ,94
ﾈ,69
ﾉ,15
ﾊ,32
ﾋ,61
ﾌ,97
ﾍ,15
ﾎ,26
ﾏ,454
ﾐ,73
ﾑ,10
ﾒ,31
ﾖ,24
ﾗ,39
ﾘ,175
ﾙ,623
ﾚ,39
ﾛ,13
ﾝ,653
ﾞ,320
ﾟ,65
�,20758
🎵,11
🎶,11
🎼,10
👏,11
😀,49
😂,51
😉,50
😛,24
🙂,17
